facility_id_anonymized,display_code,arm,facility_type,month,ward,admissions,admissions_reported,deaths_before_48h,deaths_after_48h,deaths_reported,deaths_imputed_zero_from_missing,deaths_total,mortality_rate,included_primary_analysis,exclusion_reason
FAC_C01,CTL_HGR1,control,HGR,2023-01,internal_medicine,56.0,True,,1.0,True,False,1.0,0.017857142857142856,True,
FAC_C01,CTL_HGR1,control,HGR,2023-01,obgyn,177.0,True,,,False,True,0.0,0.0,True,
FAC_C01,CTL_HGR1,control,HGR,2023-01,pediatrics,47.0,True,,2.0,True,False,2.0,0.0425531914893617,True,
FAC_C01,CTL_HGR1,control,HGR,2023-01,surgery,35.0,True,,1.0,True,False,1.0,0.02857142857142857,True,
FAC_C01,CTL_HGR1,control,HGR,2023-02,internal_medicine,58.0,True,,1.0,True,False,1.0,0.017241379310344827,True,
FAC_C01,CTL_HGR1,control,HGR,2023-02,obgyn,144.0,True,,,False,True,0.0,0.0,True,
FAC_C01,CTL_HGR1,control,HGR,2023-02,pediatrics,53.0,True,,1.0,True,False,1.0,0.018867924528301886,True,
FAC_C01,CTL_HGR1,control,HGR,2023-02,surgery,25.0,True,,,False,True,0.0,0.0,True,
FAC_C01,CTL_HGR1,control,HGR,2023-03,internal_medicine,65.0,True,1.0,,True,False,1.0,0.015384615384615385,True,
FAC_C01,CTL_HGR1,control,HGR,2023-03,obgyn,200.0,True,,,False,True,0.0,0.0,True,
FAC_C01,CTL_HGR1,control,HGR,2023-03,pediatrics,49.0,True,,,False,True,0.0,0.0,True,
FAC_C01,CTL_HGR1,control,HGR,2023-03,surgery,25.0,True,,1.0,True,False,1.0,0.04,True,
FAC_C01,CTL_HGR1,control,HGR,2023-04,internal_medicine,73.0,True,,1.0,True,False,1.0,0.0136986301369863,True,
FAC_C01,CTL_HGR1,control,HGR,2023-04,obgyn,184.0,True,,,False,True,0.0,0.0,True,
FAC_C01,CTL_HGR1,control,HGR,2023-04,pediatrics,62.0,True,1.0,3.0,True,False,4.0,0.06451612903225806,True,
FAC_C01,CTL_HGR1,control,HGR,2023-04,surgery,35.0,True,,2.0,True,False,2.0,0.05714285714285714,True,
FAC_C01,CTL_HGR1,control,HGR,2023-05,internal_medicine,66.0,True,,,False,True,0.0,0.0,True,
FAC_C01,CTL_HGR1,control,HGR,2023-05,obgyn,186.0,True,,,False,True,0.0,0.0,True,
FAC_C01,CTL_HGR1,control,HGR,2023-05,pediatrics,44.0,True,,3.0,True,False,3.0,0.06818181818181818,True,
FAC_C01,CTL_HGR1,control,HGR,2023-05,surgery,31.0,True,,1.0,True,False,1.0,0.03225806451612903,True,
FAC_C01,CTL_HGR1,control,HGR,2023-06,internal_medicine,80.0,True,,1.0,True,False,1.0,0.0125,True,
FAC_C01,CTL_HGR1,control,HGR,2023-06,obgyn,190.0,True,,,False,True,0.0,0.0,True,
FAC_C01,CTL_HGR1,control,HGR,2023-06,pediatrics,89.0,True,,2.0,True,False,2.0,0.02247191011235955,True,
FAC_C01,CTL_HGR1,control,HGR,2023-06,surgery,36.0,True,1.0,1.0,True,False,2.0,0.05555555555555555,True,
FAC_C01,CTL_HGR1,control,HGR,2023-07,internal_medicine,108.0,True,,1.0,True,False,1.0,0.009259259259259259,True,
FAC_C01,CTL_HGR1,control,HGR,2023-07,obgyn,268.0,True,,,False,True,0.0,0.0,True,
FAC_C01,CTL_HGR1,control,HGR,2023-07,pediatrics,94.0,True,,4.0,True,False,4.0,0.0425531914893617,True,
FAC_C01,CTL_HGR1,control,HGR,2023-07,surgery,55.0,True,1.0,2.0,True,False,3.0,0.05454545454545454,True,
FAC_C01,CTL_HGR1,control,HGR,2023-08,internal_medicine,84.0,True,,2.0,True,False,2.0,0.023809523809523808,True,
FAC_C01,CTL_HGR1,control,HGR,2023-08,obgyn,245.0,True,,,False,True,0.0,0.0,True,
FAC_C01,CTL_HGR1,control,HGR,2023-08,pediatrics,80.0,True,,4.0,True,False,4.0,0.05,True,
FAC_C01,CTL_HGR1,control,HGR,2023-08,surgery,43.0,True,,1.0,True,False,1.0,0.023255813953488372,True,
FAC_C01,CTL_HGR1,control,HGR,2023-09,internal_medicine,109.0,True,1.0,2.0,True,False,3.0,0.027522935779816515,True,
FAC_C01,CTL_HGR1,control,HGR,2023-09,obgyn,246.0,True,1.0,,True,False,1.0,0.0040650406504065045,True,
FAC_C01,CTL_HGR1,control,HGR,2023-09,pediatrics,107.0,True,,2.0,True,False,2.0,0.018691588785046728,True,
FAC_C01,CTL_HGR1,control,HGR,2023-09,surgery,44.0,True,,,False,True,0.0,0.0,True,
FAC_C01,CTL_HGR1,control,HGR,2023-10,internal_medicine,105.0,True,,3.0,True,False,3.0,0.02857142857142857,True,
FAC_C01,CTL_HGR1,control,HGR,2023-10,obgyn,248.0,True,,,False,True,0.0,0.0,True,
FAC_C01,CTL_HGR1,control,HGR,2023-10,pediatrics,127.0,True,1.0,5.0,True,False,6.0,0.047244094488188976,True,
FAC_C01,CTL_HGR1,control,HGR,2023-10,surgery,49.0,True,,,False,True,0.0,0.0,True,
FAC_C01,CTL_HGR1,control,HGR,2023-11,internal_medicine,115.0,True,,3.0,True,False,3.0,0.02608695652173913,True,
FAC_C01,CTL_HGR1,control,HGR,2023-11,obgyn,242.0,True,,,False,True,0.0,0.0,True,
FAC_C01,CTL_HGR1,control,HGR,2023-11,pediatrics,111.0,True,1.0,2.0,True,False,3.0,0.02702702702702703,True,
FAC_C01,CTL_HGR1,control,HGR,2023-11,surgery,50.0,True,,1.0,True,False,1.0,0.02,True,
FAC_C01,CTL_HGR1,control,HGR,2023-12,internal_medicine,101.0,True,3.0,3.0,True,False,6.0,0.0594059405940594,True,
FAC_C01,CTL_HGR1,control,HGR,2023-12,obgyn,266.0,True,,,False,True,0.0,0.0,True,
FAC_C01,CTL_HGR1,control,HGR,2023-12,pediatrics,116.0,True,,3.0,True,False,3.0,0.02586206896551724,True,
FAC_C01,CTL_HGR1,control,HGR,2023-12,surgery,57.0,True,,,False,True,0.0,0.0,True,
FAC_C01,CTL_HGR1,control,HGR,2024-01,internal_medicine,144.0,True,3.0,3.0,True,False,6.0,0.041666666666666664,True,
FAC_C01,CTL_HGR1,control,HGR,2024-01,obgyn,268.0,True,,,False,True,0.0,0.0,True,
FAC_C01,CTL_HGR1,control,HGR,2024-01,pediatrics,112.0,True,,1.0,True,False,1.0,0.008928571428571428,True,
FAC_C01,CTL_HGR1,control,HGR,2024-01,surgery,68.0,True,,,False,True,0.0,0.0,True,
FAC_C01,CTL_HGR1,control,HGR,2024-02,internal_medicine,128.0,True,,4.0,True,False,4.0,0.03125,True,
FAC_C01,CTL_HGR1,control,HGR,2024-02,obgyn,230.0,True,,,False,True,0.0,0.0,True,
FAC_C01,CTL_HGR1,control,HGR,2024-02,pediatrics,134.0,True,,3.0,True,False,3.0,0.022388059701492536,True,
FAC_C01,CTL_HGR1,control,HGR,2024-02,surgery,72.0,True,,2.0,True,False,2.0,0.027777777777777776,True,
FAC_C01,CTL_HGR1,control,HGR,2024-03,internal_medicine,104.0,True,2.0,5.0,True,False,7.0,0.0673076923076923,True,
FAC_C01,CTL_HGR1,control,HGR,2024-03,obgyn,266.0,True,,,False,True,0.0,0.0,True,
FAC_C01,CTL_HGR1,control,HGR,2024-03,pediatrics,138.0,True,2.0,2.0,True,False,4.0,0.028985507246376812,True,
FAC_C01,CTL_HGR1,control,HGR,2024-03,surgery,88.0,True,,,False,True,0.0,0.0,True,
FAC_C01,CTL_HGR1,control,HGR,2024-04,internal_medicine,141.0,True,,4.0,True,False,4.0,0.028368794326241134,True,
FAC_C01,CTL_HGR1,control,HGR,2024-04,obgyn,242.0,True,,,False,True,0.0,0.0,True,
FAC_C01,CTL_HGR1,control,HGR,2024-04,pediatrics,130.0,True,,1.0,True,False,1.0,0.007692307692307693,True,
FAC_C01,CTL_HGR1,control,HGR,2024-04,surgery,62.0,True,,,False,True,0.0,0.0,True,
FAC_C01,CTL_HGR1,control,HGR,2024-05,internal_medicine,143.0,True,,4.0,True,False,4.0,0.027972027972027972,True,
FAC_C01,CTL_HGR1,control,HGR,2024-05,obgyn,281.0,True,1.0,1.0,True,False,2.0,0.0071174377224199285,True,
FAC_C01,CTL_HGR1,control,HGR,2024-05,pediatrics,132.0,True,,5.0,True,False,5.0,0.03787878787878788,True,
FAC_C01,CTL_HGR1,control,HGR,2024-05,surgery,84.0,True,,1.0,True,False,1.0,0.011904761904761904,True,
FAC_C01,CTL_HGR1,control,HGR,2024-06,internal_medicine,170.0,True,1.0,2.0,True,False,3.0,0.01764705882352941,True,
FAC_C01,CTL_HGR1,control,HGR,2024-06,obgyn,258.0,True,,,False,True,0.0,0.0,True,
FAC_C01,CTL_HGR1,control,HGR,2024-06,pediatrics,138.0,True,,6.0,True,False,6.0,0.043478260869565216,True,
FAC_C01,CTL_HGR1,control,HGR,2024-06,surgery,84.0,True,1.0,,True,False,1.0,0.011904761904761904,True,
FAC_C01,CTL_HGR1,control,HGR,2024-07,internal_medicine,140.0,True,2.0,4.0,True,False,6.0,0.04285714285714286,True,
FAC_C01,CTL_HGR1,control,HGR,2024-07,obgyn,255.0,True,,,False,True,0.0,0.0,True,
FAC_C01,CTL_HGR1,control,HGR,2024-07,pediatrics,140.0,True,1.0,4.0,True,False,5.0,0.03571428571428571,True,
FAC_C01,CTL_HGR1,control,HGR,2024-07,surgery,73.0,True,,3.0,True,False,3.0,0.0410958904109589,True,
FAC_C01,CTL_HGR1,control,HGR,2024-08,internal_medicine,127.0,True,,4.0,True,False,4.0,0.031496062992125984,True,
FAC_C01,CTL_HGR1,control,HGR,2024-08,obgyn,249.0,True,,,False,True,0.0,0.0,True,
FAC_C01,CTL_HGR1,control,HGR,2024-08,pediatrics,140.0,True,,5.0,True,False,5.0,0.03571428571428571,True,
FAC_C01,CTL_HGR1,control,HGR,2024-08,surgery,76.0,True,1.0,2.0,True,False,3.0,0.039473684210526314,True,
FAC_C01,CTL_HGR1,control,HGR,2024-09,internal_medicine,140.0,True,,4.0,True,False,4.0,0.02857142857142857,True,
FAC_C01,CTL_HGR1,control,HGR,2024-09,obgyn,272.0,True,,,False,True,0.0,0.0,True,
FAC_C01,CTL_HGR1,control,HGR,2024-09,pediatrics,132.0,True,,3.0,True,False,3.0,0.022727272727272728,True,
FAC_C01,CTL_HGR1,control,HGR,2024-09,surgery,57.0,True,,,False,True,0.0,0.0,True,
FAC_C01,CTL_HGR1,control,HGR,2024-10,internal_medicine,163.0,True,,6.0,True,False,6.0,0.03680981595092025,True,
FAC_C01,CTL_HGR1,control,HGR,2024-10,obgyn,270.0,True,,,False,True,0.0,0.0,True,
FAC_C01,CTL_HGR1,control,HGR,2024-10,pediatrics,163.0,True,,5.0,True,False,5.0,0.03067484662576687,True,
FAC_C01,CTL_HGR1,control,HGR,2024-10,surgery,66.0,True,,,False,True,0.0,0.0,True,
FAC_C01,CTL_HGR1,control,HGR,2024-11,internal_medicine,134.0,True,1.0,3.0,True,False,4.0,0.029850746268656716,True,
FAC_C01,CTL_HGR1,control,HGR,2024-11,obgyn,200.0,True,,,False,True,0.0,0.0,True,
FAC_C01,CTL_HGR1,control,HGR,2024-11,pediatrics,146.0,True,1.0,2.0,True,False,3.0,0.02054794520547945,True,
FAC_C01,CTL_HGR1,control,HGR,2024-11,surgery,71.0,True,,1.0,True,False,1.0,0.014084507042253521,True,
FAC_C01,CTL_HGR1,control,HGR,2024-12,internal_medicine,122.0,True,1.0,3.0,True,False,4.0,0.03278688524590164,True,
FAC_C01,CTL_HGR1,control,HGR,2024-12,obgyn,266.0,True,,,False,True,0.0,0.0,True,
FAC_C01,CTL_HGR1,control,HGR,2024-12,pediatrics,164.0,True,,1.0,True,False,1.0,0.006097560975609756,True,
FAC_C01,CTL_HGR1,control,HGR,2024-12,surgery,96.0,True,,,False,True,0.0,0.0,True,
FAC_C01,CTL_HGR1,control,HGR,2025-01,internal_medicine,108.0,True,1.0,3.0,True,False,4.0,0.037037037037037035,True,
FAC_C01,CTL_HGR1,control,HGR,2025-01,obgyn,269.0,True,,,False,True,0.0,0.0,True,
FAC_C01,CTL_HGR1,control,HGR,2025-01,pediatrics,132.0,True,,1.0,True,False,1.0,0.007575757575757576,True,
FAC_C01,CTL_HGR1,control,HGR,2025-01,surgery,70.0,True,,,False,True,0.0,0.0,True,
FAC_C01,CTL_HGR1,control,HGR,2025-02,internal_medicine,117.0,True,,4.0,True,False,4.0,0.03418803418803419,True,
FAC_C01,CTL_HGR1,control,HGR,2025-02,obgyn,242.0,True,,,False,True,0.0,0.0,True,
FAC_C01,CTL_HGR1,control,HGR,2025-02,pediatrics,116.0,True,,1.0,True,False,1.0,0.008620689655172414,True,
FAC_C01,CTL_HGR1,control,HGR,2025-02,surgery,83.0,True,,1.0,True,False,1.0,0.012048192771084338,True,
FAC_C01,CTL_HGR1,control,HGR,2025-03,internal_medicine,142.0,True,1.0,2.0,True,False,3.0,0.02112676056338028,True,
FAC_C01,CTL_HGR1,control,HGR,2025-03,obgyn,290.0,True,,,False,True,0.0,0.0,True,
FAC_C01,CTL_HGR1,control,HGR,2025-03,pediatrics,152.0,True,,3.0,True,False,3.0,0.019736842105263157,True,
FAC_C01,CTL_HGR1,control,HGR,2025-03,surgery,53.0,True,,1.0,True,False,1.0,0.018867924528301886,True,
FAC_C01,CTL_HGR1,control,HGR,2025-04,internal_medicine,164.0,True,,3.0,True,False,3.0,0.018292682926829267,True,
FAC_C01,CTL_HGR1,control,HGR,2025-04,obgyn,231.0,True,,,False,True,0.0,0.0,True,
FAC_C01,CTL_HGR1,control,HGR,2025-04,pediatrics,170.0,True,,3.0,True,False,3.0,0.01764705882352941,True,
FAC_C01,CTL_HGR1,control,HGR,2025-04,surgery,80.0,True,,,False,True,0.0,0.0,True,
FAC_C01,CTL_HGR1,control,HGR,2025-05,internal_medicine,148.0,True,,3.0,True,False,3.0,0.02027027027027027,True,
FAC_C01,CTL_HGR1,control,HGR,2025-05,obgyn,287.0,True,,,False,True,0.0,0.0,True,
FAC_C01,CTL_HGR1,control,HGR,2025-05,pediatrics,157.0,True,1.0,3.0,True,False,4.0,0.025477707006369428,True,
FAC_C01,CTL_HGR1,control,HGR,2025-05,surgery,103.0,True,,,False,True,0.0,0.0,True,
FAC_C01,CTL_HGR1,control,HGR,2025-06,internal_medicine,141.0,True,,2.0,True,False,2.0,0.014184397163120567,True,
FAC_C01,CTL_HGR1,control,HGR,2025-06,obgyn,259.0,True,,,False,True,0.0,0.0,True,
FAC_C01,CTL_HGR1,control,HGR,2025-06,pediatrics,143.0,True,,6.0,True,False,6.0,0.04195804195804196,True,
FAC_C01,CTL_HGR1,control,HGR,2025-06,surgery,87.0,True,,2.0,True,False,2.0,0.022988505747126436,True,
FAC_C01,CTL_HGR1,control,HGR,2025-07,internal_medicine,149.0,True,,3.0,True,False,3.0,0.020134228187919462,True,
FAC_C01,CTL_HGR1,control,HGR,2025-07,obgyn,301.0,True,,,False,True,0.0,0.0,True,
FAC_C01,CTL_HGR1,control,HGR,2025-07,pediatrics,138.0,True,,4.0,True,False,4.0,0.028985507246376812,True,
FAC_C01,CTL_HGR1,control,HGR,2025-07,surgery,98.0,True,1.0,,True,False,1.0,0.01020408163265306,True,
FAC_C01,CTL_HGR1,control,HGR,2025-08,internal_medicine,113.0,True,,3.0,True,False,3.0,0.02654867256637168,True,
FAC_C01,CTL_HGR1,control,HGR,2025-08,obgyn,249.0,True,,,False,True,0.0,0.0,True,
FAC_C01,CTL_HGR1,control,HGR,2025-08,pediatrics,119.0,True,1.0,4.0,True,False,5.0,0.04201680672268908,True,
FAC_C01,CTL_HGR1,control,HGR,2025-08,surgery,62.0,True,,1.0,True,False,1.0,0.016129032258064516,True,
FAC_C01,CTL_HGR1,control,HGR,2025-09,internal_medicine,104.0,True,,1.0,True,False,1.0,0.009615384615384616,True,
FAC_C01,CTL_HGR1,control,HGR,2025-09,obgyn,299.0,True,,,False,True,0.0,0.0,True,
FAC_C01,CTL_HGR1,control,HGR,2025-09,pediatrics,131.0,True,1.0,,True,False,1.0,0.007633587786259542,True,
FAC_C01,CTL_HGR1,control,HGR,2025-09,surgery,73.0,True,,,False,True,0.0,0.0,True,
FAC_C01,CTL_HGR1,control,HGR,2025-10,internal_medicine,124.0,True,,3.0,True,False,3.0,0.024193548387096774,True,
FAC_C01,CTL_HGR1,control,HGR,2025-10,obgyn,298.0,True,,,False,True,0.0,0.0,True,
FAC_C01,CTL_HGR1,control,HGR,2025-10,pediatrics,125.0,True,,3.0,True,False,3.0,0.024,True,
FAC_C01,CTL_HGR1,control,HGR,2025-10,surgery,67.0,True,,1.0,True,False,1.0,0.014925373134328358,True,
FAC_C01,CTL_HGR1,control,HGR,2025-11,internal_medicine,110.0,True,,1.0,True,False,1.0,0.00909090909090909,True,
FAC_C01,CTL_HGR1,control,HGR,2025-11,obgyn,256.0,True,,,False,True,0.0,0.0,True,
FAC_C01,CTL_HGR1,control,HGR,2025-11,pediatrics,130.0,True,,2.0,True,False,2.0,0.015384615384615385,True,
FAC_C01,CTL_HGR1,control,HGR,2025-11,surgery,50.0,True,,1.0,True,False,1.0,0.02,True,
FAC_C01,CTL_HGR1,control,HGR,2025-12,internal_medicine,89.0,True,,1.0,True,False,1.0,0.011235955056179775,True,
FAC_C01,CTL_HGR1,control,HGR,2025-12,obgyn,248.0,True,,,False,True,0.0,0.0,True,
FAC_C01,CTL_HGR1,control,HGR,2025-12,pediatrics,109.0,True,,4.0,True,False,4.0,0.03669724770642202,True,
FAC_C01,CTL_HGR1,control,HGR,2025-12,surgery,28.0,True,,1.0,True,False,1.0,0.03571428571428571,True,
FAC_C02,CTL_CH1,control,CH,2023-01,internal_medicine,31.0,True,,,False,True,0.0,0.0,True,
FAC_C02,CTL_CH1,control,CH,2023-01,obgyn,35.0,True,,,False,True,0.0,0.0,True,
FAC_C02,CTL_CH1,control,CH,2023-01,pediatrics,27.0,True,,,False,True,0.0,0.0,True,
FAC_C02,CTL_CH1,control,CH,2023-01,surgery,4.0,True,,,False,True,0.0,0.0,False,admissions_below_5
FAC_C02,CTL_CH1,control,CH,2023-02,internal_medicine,22.0,True,,1.0,True,False,1.0,0.045454545454545456,True,
FAC_C02,CTL_CH1,control,CH,2023-02,obgyn,27.0,True,,,False,True,0.0,0.0,True,
FAC_C02,CTL_CH1,control,CH,2023-02,pediatrics,29.0,True,,,False,True,0.0,0.0,True,
FAC_C02,CTL_CH1,control,CH,2023-02,surgery,2.0,True,,,False,True,0.0,0.0,False,admissions_below_5
FAC_C02,CTL_CH1,control,CH,2023-03,internal_medicine,30.0,True,,,False,True,0.0,0.0,True,
FAC_C02,CTL_CH1,control,CH,2023-03,obgyn,25.0,True,,,False,True,0.0,0.0,True,
FAC_C02,CTL_CH1,control,CH,2023-03,pediatrics,24.0,True,,1.0,True,False,1.0,0.041666666666666664,True,
FAC_C02,CTL_CH1,control,CH,2023-03,surgery,2.0,True,,,False,True,0.0,0.0,False,admissions_below_5
FAC_C02,CTL_CH1,control,CH,2023-04,internal_medicine,35.0,True,,,False,True,0.0,0.0,True,
FAC_C02,CTL_CH1,control,CH,2023-04,obgyn,32.0,True,,,False,True,0.0,0.0,True,
FAC_C02,CTL_CH1,control,CH,2023-04,pediatrics,39.0,True,,1.0,True,False,1.0,0.02564102564102564,True,
FAC_C02,CTL_CH1,control,CH,2023-04,surgery,,False,,,False,True,0.0,,False,missing_admissions
FAC_C02,CTL_CH1,control,CH,2023-05,internal_medicine,31.0,True,,2.0,True,False,2.0,0.06451612903225806,True,
FAC_C02,CTL_CH1,control,CH,2023-05,obgyn,39.0,True,,,False,True,0.0,0.0,True,
FAC_C02,CTL_CH1,control,CH,2023-05,pediatrics,30.0,True,,,False,True,0.0,0.0,True,
FAC_C02,CTL_CH1,control,CH,2023-05,surgery,5.0,True,,,False,True,0.0,0.0,True,
FAC_C02,CTL_CH1,control,CH,2023-06,internal_medicine,43.0,True,,1.0,True,False,1.0,0.023255813953488372,True,
FAC_C02,CTL_CH1,control,CH,2023-06,obgyn,30.0,True,,,False,True,0.0,0.0,True,
FAC_C02,CTL_CH1,control,CH,2023-06,pediatrics,49.0,True,,,False,True,0.0,0.0,True,
FAC_C02,CTL_CH1,control,CH,2023-06,surgery,7.0,True,,,False,True,0.0,0.0,True,
FAC_C02,CTL_CH1,control,CH,2023-07,internal_medicine,36.0,True,,1.0,True,False,1.0,0.027777777777777776,True,
FAC_C02,CTL_CH1,control,CH,2023-07,obgyn,28.0,True,,,False,True,0.0,0.0,True,
FAC_C02,CTL_CH1,control,CH,2023-07,pediatrics,36.0,True,,,False,True,0.0,0.0,True,
FAC_C02,CTL_CH1,control,CH,2023-07,surgery,3.0,True,,,False,True,0.0,0.0,False,admissions_below_5
FAC_C02,CTL_CH1,control,CH,2023-08,internal_medicine,54.0,True,,,False,True,0.0,0.0,True,
FAC_C02,CTL_CH1,control,CH,2023-08,obgyn,44.0,True,,,False,True,0.0,0.0,True,
FAC_C02,CTL_CH1,control,CH,2023-08,pediatrics,51.0,True,1.0,,True,False,1.0,0.0196078431372549,True,
FAC_C02,CTL_CH1,control,CH,2023-08,surgery,7.0,True,,,False,True,0.0,0.0,True,
FAC_C02,CTL_CH1,control,CH,2023-09,internal_medicine,33.0,True,1.0,1.0,True,False,2.0,0.06060606060606061,True,
FAC_C02,CTL_CH1,control,CH,2023-09,obgyn,35.0,True,,,False,True,0.0,0.0,True,
FAC_C02,CTL_CH1,control,CH,2023-09,pediatrics,35.0,True,,,False,True,0.0,0.0,True,
FAC_C02,CTL_CH1,control,CH,2023-09,surgery,8.0,True,,,False,True,0.0,0.0,True,
FAC_C02,CTL_CH1,control,CH,2023-10,internal_medicine,44.0,True,,1.0,True,False,1.0,0.022727272727272728,True,
FAC_C02,CTL_CH1,control,CH,2023-10,obgyn,,False,,,False,True,0.0,,False,missing_admissions
FAC_C02,CTL_CH1,control,CH,2023-10,pediatrics,29.0,True,,1.0,True,False,1.0,0.034482758620689655,True,
FAC_C02,CTL_CH1,control,CH,2023-10,surgery,6.0,True,,,False,True,0.0,0.0,True,
FAC_C02,CTL_CH1,control,CH,2023-11,internal_medicine,35.0,True,,2.0,True,False,2.0,0.05714285714285714,True,
FAC_C02,CTL_CH1,control,CH,2023-11,obgyn,32.0,True,,,False,True,0.0,0.0,True,
FAC_C02,CTL_CH1,control,CH,2023-11,pediatrics,54.0,True,,1.0,True,False,1.0,0.018518518518518517,True,
FAC_C02,CTL_CH1,control,CH,2023-11,surgery,6.0,True,,,False,True,0.0,0.0,True,
FAC_C02,CTL_CH1,control,CH,2023-12,internal_medicine,45.0,True,,,False,True,0.0,0.0,True,
FAC_C02,CTL_CH1,control,CH,2023-12,obgyn,43.0,True,,,False,True,0.0,0.0,True,
FAC_C02,CTL_CH1,control,CH,2023-12,pediatrics,40.0,True,,,False,True,0.0,0.0,True,
FAC_C02,CTL_CH1,control,CH,2023-12,surgery,3.0,True,,,False,True,0.0,0.0,False,admissions_below_5
FAC_C02,CTL_CH1,control,CH,2024-01,internal_medicine,41.0,True,,16.0,True,False,16.0,0.3902439024390244,True,
FAC_C02,CTL_CH1,control,CH,2024-01,obgyn,46.0,True,,,False,True,0.0,0.0,True,
FAC_C02,CTL_CH1,control,CH,2024-01,pediatrics,37.0,True,,,False,True,0.0,0.0,True,
FAC_C02,CTL_CH1,control,CH,2024-01,surgery,3.0,True,,,False,True,0.0,0.0,False,admissions_below_5
FAC_C02,CTL_CH1,control,CH,2024-02,internal_medicine,28.0,True,,,False,True,0.0,0.0,True,
FAC_C02,CTL_CH1,control,CH,2024-02,obgyn,43.0,True,,,False,True,0.0,0.0,True,
FAC_C02,CTL_CH1,control,CH,2024-02,pediatrics,2.0,True,,,False,True,0.0,0.0,False,admissions_below_5
FAC_C02,CTL_CH1,control,CH,2024-02,surgery,7.0,True,,,False,True,0.0,0.0,True,
FAC_C02,CTL_CH1,control,CH,2024-03,internal_medicine,43.0,True,,2.0,True,False,2.0,0.046511627906976744,True,
FAC_C02,CTL_CH1,control,CH,2024-03,obgyn,41.0,True,,,False,True,0.0,0.0,True,
FAC_C02,CTL_CH1,control,CH,2024-03,pediatrics,32.0,True,,,False,True,0.0,0.0,True,
FAC_C02,CTL_CH1,control,CH,2024-03,surgery,5.0,True,,,False,True,0.0,0.0,True,
FAC_C02,CTL_CH1,control,CH,2024-04,internal_medicine,,False,,,False,True,0.0,,False,missing_admissions
FAC_C02,CTL_CH1,control,CH,2024-04,obgyn,,False,,,False,True,0.0,,False,missing_admissions
FAC_C02,CTL_CH1,control,CH,2024-04,pediatrics,,False,,,False,True,0.0,,False,missing_admissions
FAC_C02,CTL_CH1,control,CH,2024-04,surgery,,False,,,False,True,0.0,,False,missing_admissions
FAC_C02,CTL_CH1,control,CH,2024-05,internal_medicine,,False,,,False,True,0.0,,False,missing_admissions
FAC_C02,CTL_CH1,control,CH,2024-05,obgyn,,False,,,False,True,0.0,,False,missing_admissions
FAC_C02,CTL_CH1,control,CH,2024-05,pediatrics,,False,,,False,True,0.0,,False,missing_admissions
FAC_C02,CTL_CH1,control,CH,2024-05,surgery,,False,,,False,True,0.0,,False,missing_admissions
FAC_C02,CTL_CH1,control,CH,2024-06,internal_medicine,33.0,True,,2.0,True,False,2.0,0.06060606060606061,True,
FAC_C02,CTL_CH1,control,CH,2024-06,obgyn,19.0,True,,,False,True,0.0,0.0,True,
FAC_C02,CTL_CH1,control,CH,2024-06,pediatrics,25.0,True,,,False,True,0.0,0.0,True,
FAC_C02,CTL_CH1,control,CH,2024-06,surgery,5.0,True,,,False,True,0.0,0.0,True,
FAC_C02,CTL_CH1,control,CH,2024-07,internal_medicine,21.0,True,,,False,True,0.0,0.0,True,
FAC_C02,CTL_CH1,control,CH,2024-07,obgyn,10.0,True,,,False,True,0.0,0.0,True,
FAC_C02,CTL_CH1,control,CH,2024-07,pediatrics,13.0,True,1.0,,True,False,1.0,0.07692307692307693,True,
FAC_C02,CTL_CH1,control,CH,2024-07,surgery,1.0,True,,,False,True,0.0,0.0,False,admissions_below_5
FAC_C02,CTL_CH1,control,CH,2024-08,internal_medicine,30.0,True,,,False,True,0.0,0.0,True,
FAC_C02,CTL_CH1,control,CH,2024-08,obgyn,19.0,True,,,False,True,0.0,0.0,True,
FAC_C02,CTL_CH1,control,CH,2024-08,pediatrics,23.0,True,,,False,True,0.0,0.0,True,
FAC_C02,CTL_CH1,control,CH,2024-08,surgery,,False,,,False,True,0.0,,False,missing_admissions
FAC_C02,CTL_CH1,control,CH,2024-09,internal_medicine,38.0,True,,,False,True,0.0,0.0,True,
FAC_C02,CTL_CH1,control,CH,2024-09,obgyn,32.0,True,,,False,True,0.0,0.0,True,
FAC_C02,CTL_CH1,control,CH,2024-09,pediatrics,18.0,True,,,False,True,0.0,0.0,True,
FAC_C02,CTL_CH1,control,CH,2024-09,surgery,7.0,True,,,False,True,0.0,0.0,True,
FAC_C02,CTL_CH1,control,CH,2024-10,internal_medicine,40.0,True,,,False,True,0.0,0.0,True,
FAC_C02,CTL_CH1,control,CH,2024-10,obgyn,38.0,True,,,False,True,0.0,0.0,True,
FAC_C02,CTL_CH1,control,CH,2024-10,pediatrics,44.0,True,,,False,True,0.0,0.0,True,
FAC_C02,CTL_CH1,control,CH,2024-10,surgery,4.0,True,,,False,True,0.0,0.0,False,admissions_below_5
FAC_C02,CTL_CH1,control,CH,2024-11,internal_medicine,55.0,True,1.0,4.0,True,False,5.0,0.09090909090909091,True,
FAC_C02,CTL_CH1,control,CH,2024-11,obgyn,29.0,True,,,False,True,0.0,0.0,True,
FAC_C02,CTL_CH1,control,CH,2024-11,pediatrics,30.0,True,,,False,True,0.0,0.0,True,
FAC_C02,CTL_CH1,control,CH,2024-11,surgery,1.0,True,,,False,True,0.0,0.0,False,admissions_below_5
FAC_C02,CTL_CH1,control,CH,2024-12,internal_medicine,36.0,True,,3.0,True,False,3.0,0.08333333333333333,True,
FAC_C02,CTL_CH1,control,CH,2024-12,obgyn,12.0,True,,,False,True,0.0,0.0,True,
FAC_C02,CTL_CH1,control,CH,2024-12,pediatrics,19.0,True,,,False,True,0.0,0.0,True,
FAC_C02,CTL_CH1,control,CH,2024-12,surgery,2.0,True,,,False,True,0.0,0.0,False,admissions_below_5
FAC_C02,CTL_CH1,control,CH,2025-01,internal_medicine,40.0,True,2.0,1.0,True,False,3.0,0.075,True,
FAC_C02,CTL_CH1,control,CH,2025-01,obgyn,27.0,True,,,False,True,0.0,0.0,True,
FAC_C02,CTL_CH1,control,CH,2025-01,pediatrics,44.0,True,,1.0,True,False,1.0,0.022727272727272728,True,
FAC_C02,CTL_CH1,control,CH,2025-01,surgery,4.0,True,,,False,True,0.0,0.0,False,admissions_below_5
FAC_C02,CTL_CH1,control,CH,2025-02,internal_medicine,53.0,True,2.0,2.0,True,False,4.0,0.07547169811320754,True,
FAC_C02,CTL_CH1,control,CH,2025-02,obgyn,19.0,True,,,False,True,0.0,0.0,True,
FAC_C02,CTL_CH1,control,CH,2025-02,pediatrics,38.0,True,1.0,,True,False,1.0,0.02631578947368421,True,
FAC_C02,CTL_CH1,control,CH,2025-02,surgery,3.0,True,,,False,True,0.0,0.0,False,admissions_below_5
FAC_C02,CTL_CH1,control,CH,2025-03,internal_medicine,49.0,True,,3.0,True,False,3.0,0.061224489795918366,True,
FAC_C02,CTL_CH1,control,CH,2025-03,obgyn,26.0,True,,,False,True,0.0,0.0,True,
FAC_C02,CTL_CH1,control,CH,2025-03,pediatrics,29.0,True,,1.0,True,False,1.0,0.034482758620689655,True,
FAC_C02,CTL_CH1,control,CH,2025-03,surgery,2.0,True,,,False,True,0.0,0.0,False,admissions_below_5
FAC_C02,CTL_CH1,control,CH,2025-04,internal_medicine,43.0,True,,1.0,True,False,1.0,0.023255813953488372,True,
FAC_C02,CTL_CH1,control,CH,2025-04,obgyn,32.0,True,,,False,True,0.0,0.0,True,
FAC_C02,CTL_CH1,control,CH,2025-04,pediatrics,28.0,True,1.0,,True,False,1.0,0.03571428571428571,True,
FAC_C02,CTL_CH1,control,CH,2025-04,surgery,3.0,True,,,False,True,0.0,0.0,False,admissions_below_5
FAC_C02,CTL_CH1,control,CH,2025-05,internal_medicine,47.0,True,1.0,1.0,True,False,2.0,0.0425531914893617,True,
FAC_C02,CTL_CH1,control,CH,2025-05,obgyn,40.0,True,,,False,True,0.0,0.0,True,
FAC_C02,CTL_CH1,control,CH,2025-05,pediatrics,32.0,True,,,False,True,0.0,0.0,True,
FAC_C02,CTL_CH1,control,CH,2025-05,surgery,6.0,True,,,False,True,0.0,0.0,True,
FAC_C02,CTL_CH1,control,CH,2025-06,internal_medicine,50.0,True,1.0,3.0,True,False,4.0,0.08,True,
FAC_C02,CTL_CH1,control,CH,2025-06,obgyn,31.0,True,,,False,True,0.0,0.0,True,
FAC_C02,CTL_CH1,control,CH,2025-06,pediatrics,30.0,True,,,False,True,0.0,0.0,True,
FAC_C02,CTL_CH1,control,CH,2025-06,surgery,5.0,True,,,False,True,0.0,0.0,True,
FAC_C02,CTL_CH1,control,CH,2025-07,internal_medicine,39.0,True,2.0,1.0,True,False,3.0,0.07692307692307693,True,
FAC_C02,CTL_CH1,control,CH,2025-07,obgyn,42.0,True,,,False,True,0.0,0.0,True,
FAC_C02,CTL_CH1,control,CH,2025-07,pediatrics,33.0,True,,,False,True,0.0,0.0,True,
FAC_C02,CTL_CH1,control,CH,2025-07,surgery,3.0,True,,,False,True,0.0,0.0,False,admissions_below_5
FAC_C02,CTL_CH1,control,CH,2025-08,internal_medicine,55.0,True,,1.0,True,False,1.0,0.01818181818181818,True,
FAC_C02,CTL_CH1,control,CH,2025-08,obgyn,37.0,True,,,False,True,0.0,0.0,True,
FAC_C02,CTL_CH1,control,CH,2025-08,pediatrics,26.0,True,,,False,True,0.0,0.0,True,
FAC_C02,CTL_CH1,control,CH,2025-08,surgery,2.0,True,,,False,True,0.0,0.0,False,admissions_below_5
FAC_C02,CTL_CH1,control,CH,2025-09,internal_medicine,35.0,True,1.0,1.0,True,False,2.0,0.05714285714285714,True,
FAC_C02,CTL_CH1,control,CH,2025-09,obgyn,40.0,True,,,False,True,0.0,0.0,True,
FAC_C02,CTL_CH1,control,CH,2025-09,pediatrics,33.0,True,,,False,True,0.0,0.0,True,
FAC_C02,CTL_CH1,control,CH,2025-09,surgery,8.0,True,,,False,True,0.0,0.0,True,
FAC_C02,CTL_CH1,control,CH,2025-10,internal_medicine,63.0,True,,2.0,True,False,2.0,0.031746031746031744,True,
FAC_C02,CTL_CH1,control,CH,2025-10,obgyn,45.0,True,,,False,True,0.0,0.0,True,
FAC_C02,CTL_CH1,control,CH,2025-10,pediatrics,53.0,True,,,False,True,0.0,0.0,True,
FAC_C02,CTL_CH1,control,CH,2025-10,surgery,8.0,True,,,False,True,0.0,0.0,True,
FAC_C02,CTL_CH1,control,CH,2025-11,internal_medicine,61.0,True,1.0,1.0,True,False,2.0,0.03278688524590164,True,
FAC_C02,CTL_CH1,control,CH,2025-11,obgyn,54.0,True,,,False,True,0.0,0.0,True,
FAC_C02,CTL_CH1,control,CH,2025-11,pediatrics,64.0,True,2.0,,True,False,2.0,0.03125,True,
FAC_C02,CTL_CH1,control,CH,2025-11,surgery,6.0,True,,,False,True,0.0,0.0,True,
FAC_C02,CTL_CH1,control,CH,2025-12,internal_medicine,47.0,True,,,False,True,0.0,0.0,True,
FAC_C02,CTL_CH1,control,CH,2025-12,obgyn,44.0,True,,,False,True,0.0,0.0,True,
FAC_C02,CTL_CH1,control,CH,2025-12,pediatrics,57.0,True,,,False,True,0.0,0.0,True,
FAC_C02,CTL_CH1,control,CH,2025-12,surgery,4.0,True,,,False,True,0.0,0.0,False,admissions_below_5
FAC_C03,CTL_CSR1,control,CSR,2023-01,internal_medicine,33.0,True,,,False,True,0.0,0.0,True,
FAC_C03,CTL_CSR1,control,CSR,2023-01,obgyn,55.0,True,,,False,True,0.0,0.0,True,
FAC_C03,CTL_CSR1,control,CSR,2023-01,pediatrics,23.0,True,,,False,True,0.0,0.0,True,
FAC_C03,CTL_CSR1,control,CSR,2023-01,surgery,3.0,True,,,False,True,0.0,0.0,False,admissions_below_5
FAC_C03,CTL_CSR1,control,CSR,2023-02,internal_medicine,24.0,True,1.0,,True,False,1.0,0.041666666666666664,True,
FAC_C03,CTL_CSR1,control,CSR,2023-02,obgyn,44.0,True,,,False,True,0.0,0.0,True,
FAC_C03,CTL_CSR1,control,CSR,2023-02,pediatrics,22.0,True,,,False,True,0.0,0.0,True,
FAC_C03,CTL_CSR1,control,CSR,2023-02,surgery,4.0,True,,,False,True,0.0,0.0,False,admissions_below_5
FAC_C03,CTL_CSR1,control,CSR,2023-03,internal_medicine,33.0,True,,,False,True,0.0,0.0,True,
FAC_C03,CTL_CSR1,control,CSR,2023-03,obgyn,52.0,True,,,False,True,0.0,0.0,True,
FAC_C03,CTL_CSR1,control,CSR,2023-03,pediatrics,22.0,True,,,False,True,0.0,0.0,True,
FAC_C03,CTL_CSR1,control,CSR,2023-03,surgery,2.0,True,,,False,True,0.0,0.0,False,admissions_below_5
FAC_C03,CTL_CSR1,control,CSR,2023-04,internal_medicine,33.0,True,,,False,True,0.0,0.0,True,
FAC_C03,CTL_CSR1,control,CSR,2023-04,obgyn,42.0,True,,,False,True,0.0,0.0,True,
FAC_C03,CTL_CSR1,control,CSR,2023-04,pediatrics,24.0,True,,,False,True,0.0,0.0,True,
FAC_C03,CTL_CSR1,control,CSR,2023-04,surgery,,False,,,False,True,0.0,,False,missing_admissions
FAC_C03,CTL_CSR1,control,CSR,2023-05,internal_medicine,33.0,True,,,False,True,0.0,0.0,True,
FAC_C03,CTL_CSR1,control,CSR,2023-05,obgyn,49.0,True,,,False,True,0.0,0.0,True,
FAC_C03,CTL_CSR1,control,CSR,2023-05,pediatrics,53.0,True,,,False,True,0.0,0.0,True,
FAC_C03,CTL_CSR1,control,CSR,2023-05,surgery,4.0,True,,,False,True,0.0,0.0,False,admissions_below_5
FAC_C03,CTL_CSR1,control,CSR,2023-06,internal_medicine,33.0,True,,,False,True,0.0,0.0,True,
FAC_C03,CTL_CSR1,control,CSR,2023-06,obgyn,39.0,True,,,False,True,0.0,0.0,True,
FAC_C03,CTL_CSR1,control,CSR,2023-06,pediatrics,33.0,True,,,False,True,0.0,0.0,True,
FAC_C03,CTL_CSR1,control,CSR,2023-06,surgery,5.0,True,,,False,True,0.0,0.0,True,
FAC_C03,CTL_CSR1,control,CSR,2023-07,internal_medicine,18.0,True,,,False,True,0.0,0.0,True,
FAC_C03,CTL_CSR1,control,CSR,2023-07,obgyn,54.0,True,,,False,True,0.0,0.0,True,
FAC_C03,CTL_CSR1,control,CSR,2023-07,pediatrics,30.0,True,,,False,True,0.0,0.0,True,
FAC_C03,CTL_CSR1,control,CSR,2023-07,surgery,5.0,True,,,False,True,0.0,0.0,True,
FAC_C03,CTL_CSR1,control,CSR,2023-08,internal_medicine,,False,,,False,True,0.0,,False,missing_admissions
FAC_C03,CTL_CSR1,control,CSR,2023-08,obgyn,,False,,,False,True,0.0,,False,missing_admissions
FAC_C03,CTL_CSR1,control,CSR,2023-08,pediatrics,,False,,,False,True,0.0,,False,missing_admissions
FAC_C03,CTL_CSR1,control,CSR,2023-08,surgery,,False,,,False,True,0.0,,False,missing_admissions
FAC_C03,CTL_CSR1,control,CSR,2023-09,internal_medicine,64.0,True,,,False,True,0.0,0.0,True,
FAC_C03,CTL_CSR1,control,CSR,2023-09,obgyn,49.0,True,,,False,True,0.0,0.0,True,
FAC_C03,CTL_CSR1,control,CSR,2023-09,pediatrics,32.0,True,,,False,True,0.0,0.0,True,
FAC_C03,CTL_CSR1,control,CSR,2023-09,surgery,3.0,True,,,False,True,0.0,0.0,False,admissions_below_5
FAC_C03,CTL_CSR1,control,CSR,2023-10,internal_medicine,27.0,True,,,False,True,0.0,0.0,True,
FAC_C03,CTL_CSR1,control,CSR,2023-10,obgyn,54.0,True,,,False,True,0.0,0.0,True,
FAC_C03,CTL_CSR1,control,CSR,2023-10,pediatrics,42.0,True,,,False,True,0.0,0.0,True,
FAC_C03,CTL_CSR1,control,CSR,2023-10,surgery,1.0,True,,,False,True,0.0,0.0,False,admissions_below_5
FAC_C03,CTL_CSR1,control,CSR,2023-11,internal_medicine,45.0,True,,,False,True,0.0,0.0,True,
FAC_C03,CTL_CSR1,control,CSR,2023-11,obgyn,50.0,True,,,False,True,0.0,0.0,True,
FAC_C03,CTL_CSR1,control,CSR,2023-11,pediatrics,46.0,True,,,False,True,0.0,0.0,True,
FAC_C03,CTL_CSR1,control,CSR,2023-11,surgery,,False,,,False,True,0.0,,False,missing_admissions
FAC_C03,CTL_CSR1,control,CSR,2023-12,internal_medicine,32.0,True,1.0,,True,False,1.0,0.03125,True,
FAC_C03,CTL_CSR1,control,CSR,2023-12,obgyn,46.0,True,,,False,True,0.0,0.0,True,
FAC_C03,CTL_CSR1,control,CSR,2023-12,pediatrics,44.0,True,,,False,True,0.0,0.0,True,
FAC_C03,CTL_CSR1,control,CSR,2023-12,surgery,3.0,True,,,False,True,0.0,0.0,False,admissions_below_5
FAC_C03,CTL_CSR1,control,CSR,2024-01,internal_medicine,32.0,True,,,False,True,0.0,0.0,True,
FAC_C03,CTL_CSR1,control,CSR,2024-01,obgyn,5.0,True,,,False,True,0.0,0.0,True,
FAC_C03,CTL_CSR1,control,CSR,2024-01,pediatrics,25.0,True,,,False,True,0.0,0.0,True,
FAC_C03,CTL_CSR1,control,CSR,2024-01,surgery,,False,,,False,True,0.0,,False,missing_admissions
FAC_C03,CTL_CSR1,control,CSR,2024-02,internal_medicine,26.0,True,,,False,True,0.0,0.0,True,
FAC_C03,CTL_CSR1,control,CSR,2024-02,obgyn,53.0,True,,,False,True,0.0,0.0,True,
FAC_C03,CTL_CSR1,control,CSR,2024-02,pediatrics,17.0,True,,,False,True,0.0,0.0,True,
FAC_C03,CTL_CSR1,control,CSR,2024-02,surgery,,False,,,False,True,0.0,,False,missing_admissions
FAC_C03,CTL_CSR1,control,CSR,2024-03,internal_medicine,213.0,True,1.0,,True,False,1.0,0.004694835680751174,True,
FAC_C03,CTL_CSR1,control,CSR,2024-03,obgyn,71.0,True,,,False,True,0.0,0.0,True,
FAC_C03,CTL_CSR1,control,CSR,2024-03,pediatrics,48.0,True,,,False,True,0.0,0.0,True,
FAC_C03,CTL_CSR1,control,CSR,2024-03,surgery,3.0,True,,,False,True,0.0,0.0,False,admissions_below_5
FAC_C03,CTL_CSR1,control,CSR,2024-04,internal_medicine,,False,,,False,True,0.0,,False,missing_admissions
FAC_C03,CTL_CSR1,control,CSR,2024-04,obgyn,,False,,,False,True,0.0,,False,missing_admissions
FAC_C03,CTL_CSR1,control,CSR,2024-04,pediatrics,,False,,,False,True,0.0,,False,missing_admissions
FAC_C03,CTL_CSR1,control,CSR,2024-04,surgery,,False,,,False,True,0.0,,False,missing_admissions
FAC_C03,CTL_CSR1,control,CSR,2024-05,internal_medicine,87.0,True,,,False,True,0.0,0.0,True,
FAC_C03,CTL_CSR1,control,CSR,2024-05,obgyn,69.0,True,,,False,True,0.0,0.0,True,
FAC_C03,CTL_CSR1,control,CSR,2024-05,pediatrics,78.0,True,1.0,,True,False,1.0,0.01282051282051282,True,
FAC_C03,CTL_CSR1,control,CSR,2024-05,surgery,8.0,True,,,False,True,0.0,0.0,True,
FAC_C03,CTL_CSR1,control,CSR,2024-06,internal_medicine,166.0,True,1.0,,True,False,1.0,0.006024096385542169,True,
FAC_C03,CTL_CSR1,control,CSR,2024-06,obgyn,43.0,True,,,False,True,0.0,0.0,True,
FAC_C03,CTL_CSR1,control,CSR,2024-06,pediatrics,162.0,True,1.0,,True,False,1.0,0.006172839506172839,True,
FAC_C03,CTL_CSR1,control,CSR,2024-06,surgery,5.0,True,,,False,True,0.0,0.0,True,
FAC_C03,CTL_CSR1,control,CSR,2024-07,internal_medicine,23.0,True,,,False,True,0.0,0.0,True,
FAC_C03,CTL_CSR1,control,CSR,2024-07,obgyn,32.0,True,,,False,True,0.0,0.0,True,
FAC_C03,CTL_CSR1,control,CSR,2024-07,pediatrics,20.0,True,,,False,True,0.0,0.0,True,
FAC_C03,CTL_CSR1,control,CSR,2024-07,surgery,1.0,True,,,False,True,0.0,0.0,False,admissions_below_5
FAC_C03,CTL_CSR1,control,CSR,2024-08,internal_medicine,46.0,True,,,False,True,0.0,0.0,True,
FAC_C03,CTL_CSR1,control,CSR,2024-08,obgyn,52.0,True,,,False,True,0.0,0.0,True,
FAC_C03,CTL_CSR1,control,CSR,2024-08,pediatrics,68.0,True,,,False,True,0.0,0.0,True,
FAC_C03,CTL_CSR1,control,CSR,2024-08,surgery,1.0,True,,,False,True,0.0,0.0,False,admissions_below_5
FAC_C03,CTL_CSR1,control,CSR,2024-09,internal_medicine,45.0,True,,,False,True,0.0,0.0,True,
FAC_C03,CTL_CSR1,control,CSR,2024-09,obgyn,59.0,True,,,False,True,0.0,0.0,True,
FAC_C03,CTL_CSR1,control,CSR,2024-09,pediatrics,30.0,True,,,False,True,0.0,0.0,True,
FAC_C03,CTL_CSR1,control,CSR,2024-09,surgery,,False,,,False,True,0.0,,False,missing_admissions
FAC_C03,CTL_CSR1,control,CSR,2024-10,internal_medicine,48.0,True,,,False,True,0.0,0.0,True,
FAC_C03,CTL_CSR1,control,CSR,2024-10,obgyn,73.0,True,,,False,True,0.0,0.0,True,
FAC_C03,CTL_CSR1,control,CSR,2024-10,pediatrics,34.0,True,,,False,True,0.0,0.0,True,
FAC_C03,CTL_CSR1,control,CSR,2024-10,surgery,,False,,,False,True,0.0,,False,missing_admissions
FAC_C03,CTL_CSR1,control,CSR,2024-11,internal_medicine,33.0,True,,,False,True,0.0,0.0,True,
FAC_C03,CTL_CSR1,control,CSR,2024-11,obgyn,67.0,True,,,False,True,0.0,0.0,True,
FAC_C03,CTL_CSR1,control,CSR,2024-11,pediatrics,30.0,True,,,False,True,0.0,0.0,True,
FAC_C03,CTL_CSR1,control,CSR,2024-11,surgery,2.0,True,,,False,True,0.0,0.0,False,admissions_below_5
FAC_C03,CTL_CSR1,control,CSR,2024-12,internal_medicine,8.0,True,,,False,True,0.0,0.0,True,
FAC_C03,CTL_CSR1,control,CSR,2024-12,obgyn,25.0,True,,,False,True,0.0,0.0,True,
FAC_C03,CTL_CSR1,control,CSR,2024-12,pediatrics,9.0,True,,,False,True,0.0,0.0,True,
FAC_C03,CTL_CSR1,control,CSR,2024-12,surgery,3.0,True,,,False,True,0.0,0.0,False,admissions_below_5
FAC_C03,CTL_CSR1,control,CSR,2025-01,internal_medicine,,False,,,False,True,0.0,,False,missing_admissions
FAC_C03,CTL_CSR1,control,CSR,2025-01,obgyn,,False,,,False,True,0.0,,False,missing_admissions
FAC_C03,CTL_CSR1,control,CSR,2025-01,pediatrics,,False,,,False,True,0.0,,False,missing_admissions
FAC_C03,CTL_CSR1,control,CSR,2025-01,surgery,,False,,,False,True,0.0,,False,missing_admissions
FAC_C03,CTL_CSR1,control,CSR,2025-02,internal_medicine,47.0,True,,,False,True,0.0,0.0,True,
FAC_C03,CTL_CSR1,control,CSR,2025-02,obgyn,32.0,True,,,False,True,0.0,0.0,True,
FAC_C03,CTL_CSR1,control,CSR,2025-02,pediatrics,27.0,True,,,False,True,0.0,0.0,True,
FAC_C03,CTL_CSR1,control,CSR,2025-02,surgery,1.0,True,,,False,True,0.0,0.0,False,admissions_below_5
FAC_C03,CTL_CSR1,control,CSR,2025-03,internal_medicine,19.0,True,,,False,True,0.0,0.0,True,
FAC_C03,CTL_CSR1,control,CSR,2025-03,obgyn,80.0,True,,,False,True,0.0,0.0,True,
FAC_C03,CTL_CSR1,control,CSR,2025-03,pediatrics,22.0,True,,,False,True,0.0,0.0,True,
FAC_C03,CTL_CSR1,control,CSR,2025-03,surgery,4.0,True,,,False,True,0.0,0.0,False,admissions_below_5
FAC_C03,CTL_CSR1,control,CSR,2025-04,internal_medicine,,False,,,False,True,0.0,,False,missing_admissions
FAC_C03,CTL_CSR1,control,CSR,2025-04,obgyn,,False,,,False,True,0.0,,False,missing_admissions
FAC_C03,CTL_CSR1,control,CSR,2025-04,pediatrics,,False,,,False,True,0.0,,False,missing_admissions
FAC_C03,CTL_CSR1,control,CSR,2025-04,surgery,,False,,,False,True,0.0,,False,missing_admissions
FAC_C03,CTL_CSR1,control,CSR,2025-05,internal_medicine,,False,,,False,True,0.0,,False,missing_admissions
FAC_C03,CTL_CSR1,control,CSR,2025-05,obgyn,,False,,,False,True,0.0,,False,missing_admissions
FAC_C03,CTL_CSR1,control,CSR,2025-05,pediatrics,,False,,,False,True,0.0,,False,missing_admissions
FAC_C03,CTL_CSR1,control,CSR,2025-05,surgery,,False,,,False,True,0.0,,False,missing_admissions
FAC_C03,CTL_CSR1,control,CSR,2025-06,internal_medicine,46.0,True,1.0,,True,False,1.0,0.021739130434782608,True,
FAC_C03,CTL_CSR1,control,CSR,2025-06,obgyn,96.0,True,,,False,True,0.0,0.0,True,
FAC_C03,CTL_CSR1,control,CSR,2025-06,pediatrics,58.0,True,,,False,True,0.0,0.0,True,
FAC_C03,CTL_CSR1,control,CSR,2025-06,surgery,2.0,True,,,False,True,0.0,0.0,False,admissions_below_5
FAC_C03,CTL_CSR1,control,CSR,2025-07,internal_medicine,24.0,True,,,False,True,0.0,0.0,True,
FAC_C03,CTL_CSR1,control,CSR,2025-07,obgyn,72.0,True,,,False,True,0.0,0.0,True,
FAC_C03,CTL_CSR1,control,CSR,2025-07,pediatrics,56.0,True,,,False,True,0.0,0.0,True,
FAC_C03,CTL_CSR1,control,CSR,2025-07,surgery,7.0,True,,,False,True,0.0,0.0,True,
FAC_C03,CTL_CSR1,control,CSR,2025-08,internal_medicine,25.0,True,,,False,True,0.0,0.0,True,
FAC_C03,CTL_CSR1,control,CSR,2025-08,obgyn,57.0,True,,,False,True,0.0,0.0,True,
FAC_C03,CTL_CSR1,control,CSR,2025-08,pediatrics,44.0,True,,,False,True,0.0,0.0,True,
FAC_C03,CTL_CSR1,control,CSR,2025-08,surgery,1.0,True,,,False,True,0.0,0.0,False,admissions_below_5
FAC_C03,CTL_CSR1,control,CSR,2025-09,internal_medicine,36.0,True,,,False,True,0.0,0.0,True,
FAC_C03,CTL_CSR1,control,CSR,2025-09,obgyn,47.0,True,,,False,True,0.0,0.0,True,
FAC_C03,CTL_CSR1,control,CSR,2025-09,pediatrics,40.0,True,,,False,True,0.0,0.0,True,
FAC_C03,CTL_CSR1,control,CSR,2025-09,surgery,2.0,True,,,False,True,0.0,0.0,False,admissions_below_5
FAC_C03,CTL_CSR1,control,CSR,2025-10,internal_medicine,31.0,True,,,False,True,0.0,0.0,True,
FAC_C03,CTL_CSR1,control,CSR,2025-10,obgyn,59.0,True,,,False,True,0.0,0.0,True,
FAC_C03,CTL_CSR1,control,CSR,2025-10,pediatrics,36.0,True,,,False,True,0.0,0.0,True,
FAC_C03,CTL_CSR1,control,CSR,2025-10,surgery,3.0,True,,,False,True,0.0,0.0,False,admissions_below_5
FAC_C03,CTL_CSR1,control,CSR,2025-11,internal_medicine,,False,,,False,True,0.0,,False,missing_admissions
FAC_C03,CTL_CSR1,control,CSR,2025-11,obgyn,,False,,,False,True,0.0,,False,missing_admissions
FAC_C03,CTL_CSR1,control,CSR,2025-11,pediatrics,,False,,,False,True,0.0,,False,missing_admissions
FAC_C03,CTL_CSR1,control,CSR,2025-11,surgery,,False,,,False,True,0.0,,False,missing_admissions
FAC_C03,CTL_CSR1,control,CSR,2025-12,internal_medicine,21.0,True,,,False,True,0.0,0.0,True,
FAC_C03,CTL_CSR1,control,CSR,2025-12,obgyn,63.0,True,,,False,True,0.0,0.0,True,
FAC_C03,CTL_CSR1,control,CSR,2025-12,pediatrics,32.0,True,,,False,True,0.0,0.0,True,
FAC_C03,CTL_CSR1,control,CSR,2025-12,surgery,3.0,True,,,False,True,0.0,0.0,False,admissions_below_5
FAC_C04,CTL_CSR2,control,CSR,2023-01,internal_medicine,68.0,True,,,False,True,0.0,0.0,True,
FAC_C04,CTL_CSR2,control,CSR,2023-01,obgyn,62.0,True,,,False,True,0.0,0.0,True,
FAC_C04,CTL_CSR2,control,CSR,2023-01,pediatrics,34.0,True,,,False,True,0.0,0.0,True,
FAC_C04,CTL_CSR2,control,CSR,2023-01,surgery,47.0,True,,,False,True,0.0,0.0,True,
FAC_C04,CTL_CSR2,control,CSR,2023-02,internal_medicine,49.0,True,1.0,2.0,True,False,3.0,0.061224489795918366,True,
FAC_C04,CTL_CSR2,control,CSR,2023-02,obgyn,84.0,True,,,False,True,0.0,0.0,True,
FAC_C04,CTL_CSR2,control,CSR,2023-02,pediatrics,31.0,True,,,False,True,0.0,0.0,True,
FAC_C04,CTL_CSR2,control,CSR,2023-02,surgery,55.0,True,,1.0,True,False,1.0,0.01818181818181818,True,
FAC_C04,CTL_CSR2,control,CSR,2023-03,internal_medicine,72.0,True,,,False,True,0.0,0.0,True,
FAC_C04,CTL_CSR2,control,CSR,2023-03,obgyn,74.0,True,,,False,True,0.0,0.0,True,
FAC_C04,CTL_CSR2,control,CSR,2023-03,pediatrics,32.0,True,2.0,1.0,True,False,3.0,0.09375,True,
FAC_C04,CTL_CSR2,control,CSR,2023-03,surgery,47.0,True,,,False,True,0.0,0.0,True,
FAC_C04,CTL_CSR2,control,CSR,2023-04,internal_medicine,74.0,True,1.0,1.0,True,False,2.0,0.02702702702702703,True,
FAC_C04,CTL_CSR2,control,CSR,2023-04,obgyn,81.0,True,,,False,True,0.0,0.0,True,
FAC_C04,CTL_CSR2,control,CSR,2023-04,pediatrics,46.0,True,,1.0,True,False,1.0,0.021739130434782608,True,
FAC_C04,CTL_CSR2,control,CSR,2023-04,surgery,38.0,True,,,False,True,0.0,0.0,True,
FAC_C04,CTL_CSR2,control,CSR,2023-05,internal_medicine,69.0,True,1.0,1.0,True,False,2.0,0.028985507246376812,True,
FAC_C04,CTL_CSR2,control,CSR,2023-05,obgyn,77.0,True,,,False,True,0.0,0.0,True,
FAC_C04,CTL_CSR2,control,CSR,2023-05,pediatrics,35.0,True,,,False,True,0.0,0.0,True,
FAC_C04,CTL_CSR2,control,CSR,2023-05,surgery,42.0,True,,,False,True,0.0,0.0,True,
FAC_C04,CTL_CSR2,control,CSR,2023-06,internal_medicine,57.0,True,1.0,,True,False,1.0,0.017543859649122806,True,
FAC_C04,CTL_CSR2,control,CSR,2023-06,obgyn,74.0,True,,,False,True,0.0,0.0,True,
FAC_C04,CTL_CSR2,control,CSR,2023-06,pediatrics,37.0,True,,,False,True,0.0,0.0,True,
FAC_C04,CTL_CSR2,control,CSR,2023-06,surgery,45.0,True,,,False,True,0.0,0.0,True,
FAC_C04,CTL_CSR2,control,CSR,2023-07,internal_medicine,,False,,,False,True,0.0,,False,missing_admissions
FAC_C04,CTL_CSR2,control,CSR,2023-07,obgyn,,False,,,False,True,0.0,,False,missing_admissions
FAC_C04,CTL_CSR2,control,CSR,2023-07,pediatrics,25.0,True,,,False,True,0.0,0.0,True,
FAC_C04,CTL_CSR2,control,CSR,2023-07,surgery,40.0,True,,,False,True,0.0,0.0,True,
FAC_C04,CTL_CSR2,control,CSR,2023-08,internal_medicine,47.0,True,1.0,,True,False,1.0,0.02127659574468085,True,
FAC_C04,CTL_CSR2,control,CSR,2023-08,obgyn,48.0,True,,,False,True,0.0,0.0,True,
FAC_C04,CTL_CSR2,control,CSR,2023-08,pediatrics,18.0,True,,,False,True,0.0,0.0,True,
FAC_C04,CTL_CSR2,control,CSR,2023-08,surgery,36.0,True,,,False,True,0.0,0.0,True,
FAC_C04,CTL_CSR2,control,CSR,2023-09,internal_medicine,53.0,True,,3.0,True,False,3.0,0.05660377358490566,True,
FAC_C04,CTL_CSR2,control,CSR,2023-09,obgyn,49.0,True,,,False,True,0.0,0.0,True,
FAC_C04,CTL_CSR2,control,CSR,2023-09,pediatrics,20.0,True,1.0,,True,False,1.0,0.05,True,
FAC_C04,CTL_CSR2,control,CSR,2023-09,surgery,30.0,True,,,False,True,0.0,0.0,True,
FAC_C04,CTL_CSR2,control,CSR,2023-10,internal_medicine,57.0,True,,,False,True,0.0,0.0,True,
FAC_C04,CTL_CSR2,control,CSR,2023-10,obgyn,58.0,True,,,False,True,0.0,0.0,True,
FAC_C04,CTL_CSR2,control,CSR,2023-10,pediatrics,26.0,True,,,False,True,0.0,0.0,True,
FAC_C04,CTL_CSR2,control,CSR,2023-10,surgery,4.0,True,,,False,True,0.0,0.0,False,admissions_below_5
FAC_C04,CTL_CSR2,control,CSR,2023-11,internal_medicine,58.0,True,1.0,,True,False,1.0,0.017241379310344827,True,
FAC_C04,CTL_CSR2,control,CSR,2023-11,obgyn,68.0,True,,,False,True,0.0,0.0,True,
FAC_C04,CTL_CSR2,control,CSR,2023-11,pediatrics,32.0,True,,,False,True,0.0,0.0,True,
FAC_C04,CTL_CSR2,control,CSR,2023-11,surgery,6.0,True,,,False,True,0.0,0.0,True,
FAC_C04,CTL_CSR2,control,CSR,2023-12,internal_medicine,71.0,True,1.0,2.0,True,False,3.0,0.04225352112676056,True,
FAC_C04,CTL_CSR2,control,CSR,2023-12,obgyn,61.0,True,,,False,True,0.0,0.0,True,
FAC_C04,CTL_CSR2,control,CSR,2023-12,pediatrics,40.0,True,2.0,,True,False,2.0,0.05,True,
FAC_C04,CTL_CSR2,control,CSR,2023-12,surgery,7.0,True,,,False,True,0.0,0.0,True,
FAC_C04,CTL_CSR2,control,CSR,2024-01,internal_medicine,105.0,True,1.0,2.0,True,False,3.0,0.02857142857142857,True,
FAC_C04,CTL_CSR2,control,CSR,2024-01,obgyn,76.0,True,,,False,True,0.0,0.0,True,
FAC_C04,CTL_CSR2,control,CSR,2024-01,pediatrics,45.0,True,2.0,,True,False,2.0,0.044444444444444446,True,
FAC_C04,CTL_CSR2,control,CSR,2024-01,surgery,7.0,True,,,False,True,0.0,0.0,True,
FAC_C04,CTL_CSR2,control,CSR,2024-02,internal_medicine,57.0,True,1.0,2.0,True,False,3.0,0.05263157894736842,True,
FAC_C04,CTL_CSR2,control,CSR,2024-02,obgyn,48.0,True,,,False,True,0.0,0.0,True,
FAC_C04,CTL_CSR2,control,CSR,2024-02,pediatrics,25.0,True,1.0,,True,False,1.0,0.04,True,
FAC_C04,CTL_CSR2,control,CSR,2024-02,surgery,8.0,True,,,False,True,0.0,0.0,True,
FAC_C04,CTL_CSR2,control,CSR,2024-03,internal_medicine,13.0,True,1.0,2.0,True,False,3.0,0.23076923076923078,True,
FAC_C04,CTL_CSR2,control,CSR,2024-03,obgyn,81.0,True,,,False,True,0.0,0.0,True,
FAC_C04,CTL_CSR2,control,CSR,2024-03,pediatrics,51.0,True,,1.0,True,False,1.0,0.0196078431372549,True,
FAC_C04,CTL_CSR2,control,CSR,2024-03,surgery,8.0,True,,,False,True,0.0,0.0,True,
FAC_C04,CTL_CSR2,control,CSR,2024-04,internal_medicine,,False,,,False,True,0.0,,False,missing_admissions
FAC_C04,CTL_CSR2,control,CSR,2024-04,obgyn,,False,,,False,True,0.0,,False,missing_admissions
FAC_C04,CTL_CSR2,control,CSR,2024-04,pediatrics,,False,,,False,True,0.0,,False,missing_admissions
FAC_C04,CTL_CSR2,control,CSR,2024-04,surgery,,False,,,False,True,0.0,,False,missing_admissions
FAC_C04,CTL_CSR2,control,CSR,2024-05,internal_medicine,139.0,True,,3.0,True,False,3.0,0.02158273381294964,True,
FAC_C04,CTL_CSR2,control,CSR,2024-05,obgyn,80.0,True,,,False,True,0.0,0.0,True,
FAC_C04,CTL_CSR2,control,CSR,2024-05,pediatrics,96.0,True,1.0,1.0,True,False,2.0,0.020833333333333332,True,
FAC_C04,CTL_CSR2,control,CSR,2024-05,surgery,53.0,True,,,False,True,0.0,0.0,True,
FAC_C04,CTL_CSR2,control,CSR,2024-06,internal_medicine,13.0,True,,,False,True,0.0,0.0,True,
FAC_C04,CTL_CSR2,control,CSR,2024-06,obgyn,17.0,True,,,False,True,0.0,0.0,True,
FAC_C04,CTL_CSR2,control,CSR,2024-06,pediatrics,9.0,True,,,False,True,0.0,0.0,True,
FAC_C04,CTL_CSR2,control,CSR,2024-06,surgery,8.0,True,,,False,True,0.0,0.0,True,
FAC_C04,CTL_CSR2,control,CSR,2024-07,internal_medicine,69.0,True,2.0,,True,False,2.0,0.028985507246376812,True,
FAC_C04,CTL_CSR2,control,CSR,2024-07,obgyn,49.0,True,,,False,True,0.0,0.0,True,
FAC_C04,CTL_CSR2,control,CSR,2024-07,pediatrics,36.0,True,1.0,,True,False,1.0,0.027777777777777776,True,
FAC_C04,CTL_CSR2,control,CSR,2024-07,surgery,19.0,True,,,False,True,0.0,0.0,True,
FAC_C04,CTL_CSR2,control,CSR,2024-08,internal_medicine,72.0,True,2.0,2.0,True,False,4.0,0.05555555555555555,True,
FAC_C04,CTL_CSR2,control,CSR,2024-08,obgyn,14.0,True,,,False,True,0.0,0.0,True,
FAC_C04,CTL_CSR2,control,CSR,2024-08,pediatrics,17.0,True,,,False,True,0.0,0.0,True,
FAC_C04,CTL_CSR2,control,CSR,2024-08,surgery,37.0,True,,,False,True,0.0,0.0,True,
FAC_C04,CTL_CSR2,control,CSR,2024-09,internal_medicine,89.0,True,,,False,True,0.0,0.0,True,
FAC_C04,CTL_CSR2,control,CSR,2024-09,obgyn,7.0,True,,,False,True,0.0,0.0,True,
FAC_C04,CTL_CSR2,control,CSR,2024-09,pediatrics,51.0,True,4.0,,True,False,4.0,0.0784313725490196,True,
FAC_C04,CTL_CSR2,control,CSR,2024-09,surgery,47.0,True,3.0,,True,False,3.0,0.06382978723404255,True,
FAC_C04,CTL_CSR2,control,CSR,2024-10,internal_medicine,100.0,True,,2.0,True,False,2.0,0.02,True,
FAC_C04,CTL_CSR2,control,CSR,2024-10,obgyn,6.0,True,,,False,True,0.0,0.0,True,
FAC_C04,CTL_CSR2,control,CSR,2024-10,pediatrics,120.0,True,,3.0,True,False,3.0,0.025,True,
FAC_C04,CTL_CSR2,control,CSR,2024-10,surgery,46.0,True,,,False,True,0.0,0.0,True,
FAC_C04,CTL_CSR2,control,CSR,2024-11,internal_medicine,62.0,True,1.0,1.0,True,False,2.0,0.03225806451612903,True,
FAC_C04,CTL_CSR2,control,CSR,2024-11,obgyn,15.0,True,,,False,True,0.0,0.0,True,
FAC_C04,CTL_CSR2,control,CSR,2024-11,pediatrics,51.0,True,3.0,1.0,True,False,4.0,0.0784313725490196,True,
FAC_C04,CTL_CSR2,control,CSR,2024-11,surgery,38.0,True,,,False,True,0.0,0.0,True,
FAC_C04,CTL_CSR2,control,CSR,2024-12,internal_medicine,47.0,True,1.0,,True,False,1.0,0.02127659574468085,True,
FAC_C04,CTL_CSR2,control,CSR,2024-12,obgyn,8.0,True,,,False,True,0.0,0.0,True,
FAC_C04,CTL_CSR2,control,CSR,2024-12,pediatrics,45.0,True,,1.0,True,False,1.0,0.022222222222222223,True,
FAC_C04,CTL_CSR2,control,CSR,2024-12,surgery,45.0,True,,,False,True,0.0,0.0,True,
FAC_C04,CTL_CSR2,control,CSR,2025-01,internal_medicine,,False,,,False,True,0.0,,False,missing_admissions
FAC_C04,CTL_CSR2,control,CSR,2025-01,obgyn,,False,,,False,True,0.0,,False,missing_admissions
FAC_C04,CTL_CSR2,control,CSR,2025-01,pediatrics,,False,,,False,True,0.0,,False,missing_admissions
FAC_C04,CTL_CSR2,control,CSR,2025-01,surgery,,False,,,False,True,0.0,,False,missing_admissions
FAC_C04,CTL_CSR2,control,CSR,2025-02,internal_medicine,67.0,True,1.0,1.0,True,False,2.0,0.029850746268656716,True,
FAC_C04,CTL_CSR2,control,CSR,2025-02,obgyn,9.0,True,,,False,True,0.0,0.0,True,
FAC_C04,CTL_CSR2,control,CSR,2025-02,pediatrics,47.0,True,,,False,True,0.0,0.0,True,
FAC_C04,CTL_CSR2,control,CSR,2025-02,surgery,52.0,True,,,False,True,0.0,0.0,True,
FAC_C04,CTL_CSR2,control,CSR,2025-03,internal_medicine,31.0,True,,,False,True,0.0,0.0,True,
FAC_C04,CTL_CSR2,control,CSR,2025-03,obgyn,13.0,True,,,False,True,0.0,0.0,True,
FAC_C04,CTL_CSR2,control,CSR,2025-03,pediatrics,35.0,True,2.0,,True,False,2.0,0.05714285714285714,True,
FAC_C04,CTL_CSR2,control,CSR,2025-03,surgery,52.0,True,,,False,True,0.0,0.0,True,
FAC_C04,CTL_CSR2,control,CSR,2025-04,internal_medicine,44.0,True,3.0,1.0,True,False,4.0,0.09090909090909091,True,
FAC_C04,CTL_CSR2,control,CSR,2025-04,obgyn,9.0,True,,,False,True,0.0,0.0,True,
FAC_C04,CTL_CSR2,control,CSR,2025-04,pediatrics,30.0,True,1.0,,True,False,1.0,0.03333333333333333,True,
FAC_C04,CTL_CSR2,control,CSR,2025-04,surgery,71.0,True,,,False,True,0.0,0.0,True,
FAC_C04,CTL_CSR2,control,CSR,2025-05,internal_medicine,75.0,True,,,False,True,0.0,0.0,True,
FAC_C04,CTL_CSR2,control,CSR,2025-05,obgyn,14.0,True,,,False,True,0.0,0.0,True,
FAC_C04,CTL_CSR2,control,CSR,2025-05,pediatrics,32.0,True,,,False,True,0.0,0.0,True,
FAC_C04,CTL_CSR2,control,CSR,2025-05,surgery,10.0,True,,,False,True,0.0,0.0,True,
FAC_C04,CTL_CSR2,control,CSR,2025-06,internal_medicine,68.0,True,2.0,,True,False,2.0,0.029411764705882353,True,
FAC_C04,CTL_CSR2,control,CSR,2025-06,obgyn,12.0,True,,,False,True,0.0,0.0,True,
FAC_C04,CTL_CSR2,control,CSR,2025-06,pediatrics,26.0,True,,,False,True,0.0,0.0,True,
FAC_C04,CTL_CSR2,control,CSR,2025-06,surgery,5.0,True,,,False,True,0.0,0.0,True,
FAC_C04,CTL_CSR2,control,CSR,2025-07,internal_medicine,100.0,True,2.0,2.0,True,False,4.0,0.04,True,
FAC_C04,CTL_CSR2,control,CSR,2025-07,obgyn,4.0,True,,,False,True,0.0,0.0,False,admissions_below_5
FAC_C04,CTL_CSR2,control,CSR,2025-07,pediatrics,18.0,True,1.0,,True,False,1.0,0.05555555555555555,True,
FAC_C04,CTL_CSR2,control,CSR,2025-07,surgery,6.0,True,,,False,True,0.0,0.0,True,
FAC_C04,CTL_CSR2,control,CSR,2025-08,internal_medicine,71.0,True,1.0,4.0,True,False,5.0,0.07042253521126761,True,
FAC_C04,CTL_CSR2,control,CSR,2025-08,obgyn,8.0,True,,,False,True,0.0,0.0,True,
FAC_C04,CTL_CSR2,control,CSR,2025-08,pediatrics,13.0,True,,,False,True,0.0,0.0,True,
FAC_C04,CTL_CSR2,control,CSR,2025-08,surgery,5.0,True,,,False,True,0.0,0.0,True,
FAC_C04,CTL_CSR2,control,CSR,2025-09,internal_medicine,77.0,True,1.0,3.0,True,False,4.0,0.05194805194805195,True,
FAC_C04,CTL_CSR2,control,CSR,2025-09,obgyn,8.0,True,,,False,True,0.0,0.0,True,
FAC_C04,CTL_CSR2,control,CSR,2025-09,pediatrics,15.0,True,1.0,,True,False,1.0,0.06666666666666667,True,
FAC_C04,CTL_CSR2,control,CSR,2025-09,surgery,4.0,True,,,False,True,0.0,0.0,False,admissions_below_5
FAC_C04,CTL_CSR2,control,CSR,2025-10,internal_medicine,78.0,True,1.0,3.0,True,False,4.0,0.05128205128205128,True,
FAC_C04,CTL_CSR2,control,CSR,2025-10,obgyn,2.0,True,,,False,True,0.0,0.0,False,admissions_below_5
FAC_C04,CTL_CSR2,control,CSR,2025-10,pediatrics,24.0,True,,,False,True,0.0,0.0,True,
FAC_C04,CTL_CSR2,control,CSR,2025-10,surgery,4.0,True,,,False,True,0.0,0.0,False,admissions_below_5
FAC_C04,CTL_CSR2,control,CSR,2025-11,internal_medicine,,False,,,False,True,0.0,,False,missing_admissions
FAC_C04,CTL_CSR2,control,CSR,2025-11,obgyn,,False,,,False,True,0.0,,False,missing_admissions
FAC_C04,CTL_CSR2,control,CSR,2025-11,pediatrics,,False,,,False,True,0.0,,False,missing_admissions
FAC_C04,CTL_CSR2,control,CSR,2025-11,surgery,,False,,,False,True,0.0,,False,missing_admissions
FAC_C04,CTL_CSR2,control,CSR,2025-12,internal_medicine,72.0,True,1.0,2.0,True,False,3.0,0.041666666666666664,True,
FAC_C04,CTL_CSR2,control,CSR,2025-12,obgyn,6.0,True,,,False,True,0.0,0.0,True,
FAC_C04,CTL_CSR2,control,CSR,2025-12,pediatrics,24.0,True,,1.0,True,False,1.0,0.041666666666666664,True,
FAC_C04,CTL_CSR2,control,CSR,2025-12,surgery,6.0,True,1.0,,True,False,1.0,0.16666666666666666,True,
FAC_C05,CTL_CSR3,control,CSR,2023-01,internal_medicine,29.0,True,1.0,,True,False,1.0,0.034482758620689655,True,
FAC_C05,CTL_CSR3,control,CSR,2023-01,obgyn,63.0,True,,,False,True,0.0,0.0,True,
FAC_C05,CTL_CSR3,control,CSR,2023-01,pediatrics,33.0,True,2.0,1.0,True,False,3.0,0.09090909090909091,True,
FAC_C05,CTL_CSR3,control,CSR,2023-01,surgery,34.0,True,,,False,True,0.0,0.0,True,
FAC_C05,CTL_CSR3,control,CSR,2023-02,internal_medicine,31.0,True,3.0,1.0,True,False,4.0,0.12903225806451613,True,
FAC_C05,CTL_CSR3,control,CSR,2023-02,obgyn,73.0,True,,,False,True,0.0,0.0,True,
FAC_C05,CTL_CSR3,control,CSR,2023-02,pediatrics,26.0,True,,,False,True,0.0,0.0,True,
FAC_C05,CTL_CSR3,control,CSR,2023-02,surgery,30.0,True,,,False,True,0.0,0.0,True,
FAC_C05,CTL_CSR3,control,CSR,2023-03,internal_medicine,31.0,True,1.0,1.0,True,False,2.0,0.06451612903225806,True,
FAC_C05,CTL_CSR3,control,CSR,2023-03,obgyn,81.0,True,,,False,True,0.0,0.0,True,
FAC_C05,CTL_CSR3,control,CSR,2023-03,pediatrics,40.0,True,2.0,,True,False,2.0,0.05,True,
FAC_C05,CTL_CSR3,control,CSR,2023-03,surgery,42.0,True,,,False,True,0.0,0.0,True,
FAC_C05,CTL_CSR3,control,CSR,2023-04,internal_medicine,29.0,True,1.0,1.0,True,False,2.0,0.06896551724137931,True,
FAC_C05,CTL_CSR3,control,CSR,2023-04,obgyn,80.0,True,,,False,True,0.0,0.0,True,
FAC_C05,CTL_CSR3,control,CSR,2023-04,pediatrics,35.0,True,1.0,,True,False,1.0,0.02857142857142857,True,
FAC_C05,CTL_CSR3,control,CSR,2023-04,surgery,45.0,True,,,False,True,0.0,0.0,True,
FAC_C05,CTL_CSR3,control,CSR,2023-05,internal_medicine,42.0,True,,1.0,True,False,1.0,0.023809523809523808,True,
FAC_C05,CTL_CSR3,control,CSR,2023-05,obgyn,67.0,True,,,False,True,0.0,0.0,True,
FAC_C05,CTL_CSR3,control,CSR,2023-05,pediatrics,48.0,True,1.0,,True,False,1.0,0.020833333333333332,True,
FAC_C05,CTL_CSR3,control,CSR,2023-05,surgery,32.0,True,,,False,True,0.0,0.0,True,
FAC_C05,CTL_CSR3,control,CSR,2023-06,internal_medicine,36.0,True,1.0,,True,False,1.0,0.027777777777777776,True,
FAC_C05,CTL_CSR3,control,CSR,2023-06,obgyn,61.0,True,,,False,True,0.0,0.0,True,
FAC_C05,CTL_CSR3,control,CSR,2023-06,pediatrics,46.0,True,2.0,,True,False,2.0,0.043478260869565216,True,
FAC_C05,CTL_CSR3,control,CSR,2023-06,surgery,26.0,True,,,False,True,0.0,0.0,True,
FAC_C05,CTL_CSR3,control,CSR,2023-07,internal_medicine,52.0,True,,1.0,True,False,1.0,0.019230769230769232,True,
FAC_C05,CTL_CSR3,control,CSR,2023-07,obgyn,72.0,True,,,False,True,0.0,0.0,True,
FAC_C05,CTL_CSR3,control,CSR,2023-07,pediatrics,41.0,True,,1.0,True,False,1.0,0.024390243902439025,True,
FAC_C05,CTL_CSR3,control,CSR,2023-07,surgery,36.0,True,,,False,True,0.0,0.0,True,
FAC_C05,CTL_CSR3,control,CSR,2023-08,internal_medicine,65.0,True,,,False,True,0.0,0.0,True,
FAC_C05,CTL_CSR3,control,CSR,2023-08,obgyn,61.0,True,,,False,True,0.0,0.0,True,
FAC_C05,CTL_CSR3,control,CSR,2023-08,pediatrics,88.0,True,,,False,True,0.0,0.0,True,
FAC_C05,CTL_CSR3,control,CSR,2023-08,surgery,48.0,True,,,False,True,0.0,0.0,True,
FAC_C05,CTL_CSR3,control,CSR,2023-09,internal_medicine,203.0,True,,2.0,True,False,2.0,0.009852216748768473,True,
FAC_C05,CTL_CSR3,control,CSR,2023-09,obgyn,71.0,True,,,False,True,0.0,0.0,True,
FAC_C05,CTL_CSR3,control,CSR,2023-09,pediatrics,148.0,True,2.0,,True,False,2.0,0.013513513513513514,True,
FAC_C05,CTL_CSR3,control,CSR,2023-09,surgery,73.0,True,,,False,True,0.0,0.0,True,
FAC_C05,CTL_CSR3,control,CSR,2023-10,internal_medicine,102.0,True,2.0,,True,False,2.0,0.0196078431372549,True,
FAC_C05,CTL_CSR3,control,CSR,2023-10,obgyn,62.0,True,,,False,True,0.0,0.0,True,
FAC_C05,CTL_CSR3,control,CSR,2023-10,pediatrics,115.0,True,,,False,True,0.0,0.0,True,
FAC_C05,CTL_CSR3,control,CSR,2023-10,surgery,59.0,True,,,False,True,0.0,0.0,True,
FAC_C05,CTL_CSR3,control,CSR,2023-11,internal_medicine,117.0,True,2.0,,True,False,2.0,0.017094017094017096,True,
FAC_C05,CTL_CSR3,control,CSR,2023-11,obgyn,33.0,True,,,False,True,0.0,0.0,True,
FAC_C05,CTL_CSR3,control,CSR,2023-11,pediatrics,120.0,True,2.0,1.0,True,False,3.0,0.025,True,
FAC_C05,CTL_CSR3,control,CSR,2023-11,surgery,37.0,True,,,False,True,0.0,0.0,True,
FAC_C05,CTL_CSR3,control,CSR,2023-12,internal_medicine,138.0,True,1.0,1.0,True,False,2.0,0.014492753623188406,True,
FAC_C05,CTL_CSR3,control,CSR,2023-12,obgyn,40.0,True,,,False,True,0.0,0.0,True,
FAC_C05,CTL_CSR3,control,CSR,2023-12,pediatrics,105.0,True,,1.0,True,False,1.0,0.009523809523809525,True,
FAC_C05,CTL_CSR3,control,CSR,2023-12,surgery,25.0,True,,,False,True,0.0,0.0,True,
FAC_C05,CTL_CSR3,control,CSR,2024-01,internal_medicine,113.0,True,,,False,True,0.0,0.0,True,
FAC_C05,CTL_CSR3,control,CSR,2024-01,obgyn,37.0,True,,,False,True,0.0,0.0,True,
FAC_C05,CTL_CSR3,control,CSR,2024-01,pediatrics,116.0,True,1.0,,True,False,1.0,0.008620689655172414,True,
FAC_C05,CTL_CSR3,control,CSR,2024-01,surgery,32.0,True,,,False,True,0.0,0.0,True,
FAC_C05,CTL_CSR3,control,CSR,2024-02,internal_medicine,71.0,True,4.0,,True,False,4.0,0.056338028169014086,True,
FAC_C05,CTL_CSR3,control,CSR,2024-02,obgyn,48.0,True,,,False,True,0.0,0.0,True,
FAC_C05,CTL_CSR3,control,CSR,2024-02,pediatrics,78.0,True,,1.0,True,False,1.0,0.01282051282051282,True,
FAC_C05,CTL_CSR3,control,CSR,2024-02,surgery,19.0,True,,,False,True,0.0,0.0,True,
FAC_C05,CTL_CSR3,control,CSR,2024-03,internal_medicine,127.0,True,,1.0,True,False,1.0,0.007874015748031496,True,
FAC_C05,CTL_CSR3,control,CSR,2024-03,obgyn,67.0,True,,,False,True,0.0,0.0,True,
FAC_C05,CTL_CSR3,control,CSR,2024-03,pediatrics,78.0,True,2.0,1.0,True,False,3.0,0.038461538461538464,True,
FAC_C05,CTL_CSR3,control,CSR,2024-03,surgery,38.0,True,,,False,True,0.0,0.0,True,
FAC_C05,CTL_CSR3,control,CSR,2024-04,internal_medicine,73.0,True,,,False,True,0.0,0.0,True,
FAC_C05,CTL_CSR3,control,CSR,2024-04,obgyn,58.0,True,,,False,True,0.0,0.0,True,
FAC_C05,CTL_CSR3,control,CSR,2024-04,pediatrics,69.0,True,1.0,1.0,True,False,2.0,0.028985507246376812,True,
FAC_C05,CTL_CSR3,control,CSR,2024-04,surgery,26.0,True,,,False,True,0.0,0.0,True,
FAC_C05,CTL_CSR3,control,CSR,2024-05,internal_medicine,75.0,True,1.0,,True,False,1.0,0.013333333333333334,True,
FAC_C05,CTL_CSR3,control,CSR,2024-05,obgyn,59.0,True,,,False,True,0.0,0.0,True,
FAC_C05,CTL_CSR3,control,CSR,2024-05,pediatrics,74.0,True,2.0,1.0,True,False,3.0,0.04054054054054054,True,
FAC_C05,CTL_CSR3,control,CSR,2024-05,surgery,32.0,True,,,False,True,0.0,0.0,True,
FAC_C05,CTL_CSR3,control,CSR,2024-06,internal_medicine,105.0,True,,1.0,True,False,1.0,0.009523809523809525,True,
FAC_C05,CTL_CSR3,control,CSR,2024-06,obgyn,85.0,True,,,False,True,0.0,0.0,True,
FAC_C05,CTL_CSR3,control,CSR,2024-06,pediatrics,103.0,True,1.0,,True,False,1.0,0.009708737864077669,True,
FAC_C05,CTL_CSR3,control,CSR,2024-06,surgery,32.0,True,,,False,True,0.0,0.0,True,
FAC_C05,CTL_CSR3,control,CSR,2024-07,internal_medicine,70.0,True,,2.0,True,False,2.0,0.02857142857142857,True,
FAC_C05,CTL_CSR3,control,CSR,2024-07,obgyn,87.0,True,,,False,True,0.0,0.0,True,
FAC_C05,CTL_CSR3,control,CSR,2024-07,pediatrics,70.0,True,,1.0,True,False,1.0,0.014285714285714285,True,
FAC_C05,CTL_CSR3,control,CSR,2024-07,surgery,38.0,True,,,False,True,0.0,0.0,True,
FAC_C05,CTL_CSR3,control,CSR,2024-08,internal_medicine,105.0,True,1.0,,True,False,1.0,0.009523809523809525,True,
FAC_C05,CTL_CSR3,control,CSR,2024-08,obgyn,88.0,True,,,False,True,0.0,0.0,True,
FAC_C05,CTL_CSR3,control,CSR,2024-08,pediatrics,85.0,True,,1.0,True,False,1.0,0.011764705882352941,True,
FAC_C05,CTL_CSR3,control,CSR,2024-08,surgery,28.0,True,,,False,True,0.0,0.0,True,
FAC_C05,CTL_CSR3,control,CSR,2024-09,internal_medicine,97.0,True,,1.0,True,False,1.0,0.010309278350515464,True,
FAC_C05,CTL_CSR3,control,CSR,2024-09,obgyn,77.0,True,1.0,,True,False,1.0,0.012987012987012988,True,
FAC_C05,CTL_CSR3,control,CSR,2024-09,pediatrics,72.0,True,1.0,1.0,True,False,2.0,0.027777777777777776,True,
FAC_C05,CTL_CSR3,control,CSR,2024-09,surgery,20.0,True,,,False,True,0.0,0.0,True,
FAC_C05,CTL_CSR3,control,CSR,2024-10,internal_medicine,152.0,True,2.0,1.0,True,False,3.0,0.019736842105263157,True,
FAC_C05,CTL_CSR3,control,CSR,2024-10,obgyn,118.0,True,,,False,True,0.0,0.0,True,
FAC_C05,CTL_CSR3,control,CSR,2024-10,pediatrics,152.0,True,2.0,1.0,True,False,3.0,0.019736842105263157,True,
FAC_C05,CTL_CSR3,control,CSR,2024-10,surgery,9.0,True,,,False,True,0.0,0.0,True,
FAC_C05,CTL_CSR3,control,CSR,2024-11,internal_medicine,125.0,True,,1.0,True,False,1.0,0.008,True,
FAC_C05,CTL_CSR3,control,CSR,2024-11,obgyn,21.0,True,,,False,True,0.0,0.0,True,
FAC_C05,CTL_CSR3,control,CSR,2024-11,pediatrics,57.0,True,2.0,,True,False,2.0,0.03508771929824561,True,
FAC_C05,CTL_CSR3,control,CSR,2024-11,surgery,17.0,True,,,False,True,0.0,0.0,True,
FAC_C05,CTL_CSR3,control,CSR,2024-12,internal_medicine,115.0,True,,1.0,True,False,1.0,0.008695652173913044,True,
FAC_C05,CTL_CSR3,control,CSR,2024-12,obgyn,20.0,True,,,False,True,0.0,0.0,True,
FAC_C05,CTL_CSR3,control,CSR,2024-12,pediatrics,47.0,True,,,False,True,0.0,0.0,True,
FAC_C05,CTL_CSR3,control,CSR,2024-12,surgery,22.0,True,,,False,True,0.0,0.0,True,
FAC_C05,CTL_CSR3,control,CSR,2025-01,internal_medicine,78.0,True,,1.0,True,False,1.0,0.01282051282051282,True,
FAC_C05,CTL_CSR3,control,CSR,2025-01,obgyn,140.0,True,,,False,True,0.0,0.0,True,
FAC_C05,CTL_CSR3,control,CSR,2025-01,pediatrics,76.0,True,,1.0,True,False,1.0,0.013157894736842105,True,
FAC_C05,CTL_CSR3,control,CSR,2025-01,surgery,28.0,True,,,False,True,0.0,0.0,True,
FAC_C05,CTL_CSR3,control,CSR,2025-02,internal_medicine,60.0,True,2.0,1.0,True,False,3.0,0.05,True,
FAC_C05,CTL_CSR3,control,CSR,2025-02,obgyn,119.0,True,,,False,True,0.0,0.0,True,
FAC_C05,CTL_CSR3,control,CSR,2025-02,pediatrics,55.0,True,,1.0,True,False,1.0,0.01818181818181818,True,
FAC_C05,CTL_CSR3,control,CSR,2025-02,surgery,28.0,True,,,False,True,0.0,0.0,True,
FAC_C05,CTL_CSR3,control,CSR,2025-03,internal_medicine,72.0,True,2.0,1.0,True,False,3.0,0.041666666666666664,True,
FAC_C05,CTL_CSR3,control,CSR,2025-03,obgyn,110.0,True,,,False,True,0.0,0.0,True,
FAC_C05,CTL_CSR3,control,CSR,2025-03,pediatrics,59.0,True,2.0,,True,False,2.0,0.03389830508474576,True,
FAC_C05,CTL_CSR3,control,CSR,2025-03,surgery,26.0,True,,,False,True,0.0,0.0,True,
FAC_C05,CTL_CSR3,control,CSR,2025-04,internal_medicine,98.0,True,,3.0,True,False,3.0,0.030612244897959183,True,
FAC_C05,CTL_CSR3,control,CSR,2025-04,obgyn,86.0,True,,,False,True,0.0,0.0,True,
FAC_C05,CTL_CSR3,control,CSR,2025-04,pediatrics,71.0,True,,,False,True,0.0,0.0,True,
FAC_C05,CTL_CSR3,control,CSR,2025-04,surgery,31.0,True,,,False,True,0.0,0.0,True,
FAC_C05,CTL_CSR3,control,CSR,2025-05,internal_medicine,92.0,True,1.0,1.0,True,False,2.0,0.021739130434782608,True,
FAC_C05,CTL_CSR3,control,CSR,2025-05,obgyn,152.0,True,,,False,True,0.0,0.0,True,
FAC_C05,CTL_CSR3,control,CSR,2025-05,pediatrics,62.0,True,3.0,,True,False,3.0,0.04838709677419355,True,
FAC_C05,CTL_CSR3,control,CSR,2025-05,surgery,43.0,True,1.0,,True,False,1.0,0.023255813953488372,True,
FAC_C05,CTL_CSR3,control,CSR,2025-06,internal_medicine,100.0,True,,,False,True,0.0,0.0,True,
FAC_C05,CTL_CSR3,control,CSR,2025-06,obgyn,120.0,True,,,False,True,0.0,0.0,True,
FAC_C05,CTL_CSR3,control,CSR,2025-06,pediatrics,77.0,True,,,False,True,0.0,0.0,True,
FAC_C05,CTL_CSR3,control,CSR,2025-06,surgery,22.0,True,,,False,True,0.0,0.0,True,
FAC_C05,CTL_CSR3,control,CSR,2025-07,internal_medicine,68.0,True,,1.0,True,False,1.0,0.014705882352941176,True,
FAC_C05,CTL_CSR3,control,CSR,2025-07,obgyn,94.0,True,,,False,True,0.0,0.0,True,
FAC_C05,CTL_CSR3,control,CSR,2025-07,pediatrics,66.0,True,,1.0,True,False,1.0,0.015151515151515152,True,
FAC_C05,CTL_CSR3,control,CSR,2025-07,surgery,37.0,True,,,False,True,0.0,0.0,True,
FAC_C05,CTL_CSR3,control,CSR,2025-08,internal_medicine,54.0,True,4.0,,True,False,4.0,0.07407407407407407,True,
FAC_C05,CTL_CSR3,control,CSR,2025-08,obgyn,,False,,,False,True,0.0,,False,missing_admissions
FAC_C05,CTL_CSR3,control,CSR,2025-08,pediatrics,49.0,True,,2.0,True,False,2.0,0.04081632653061224,True,
FAC_C05,CTL_CSR3,control,CSR,2025-08,surgery,44.0,True,,,False,True,0.0,0.0,True,
FAC_C05,CTL_CSR3,control,CSR,2025-09,internal_medicine,77.0,True,3.0,4.0,True,False,7.0,0.09090909090909091,True,
FAC_C05,CTL_CSR3,control,CSR,2025-09,obgyn,110.0,True,,,False,True,0.0,0.0,True,
FAC_C05,CTL_CSR3,control,CSR,2025-09,pediatrics,46.0,True,3.0,,True,False,3.0,0.06521739130434782,True,
FAC_C05,CTL_CSR3,control,CSR,2025-09,surgery,42.0,True,,,False,True,0.0,0.0,True,
FAC_C05,CTL_CSR3,control,CSR,2025-10,internal_medicine,81.0,True,1.0,,True,False,1.0,0.012345679012345678,True,
FAC_C05,CTL_CSR3,control,CSR,2025-10,obgyn,104.0,True,,,False,True,0.0,0.0,True,
FAC_C05,CTL_CSR3,control,CSR,2025-10,pediatrics,78.0,True,2.0,1.0,True,False,3.0,0.038461538461538464,True,
FAC_C05,CTL_CSR3,control,CSR,2025-10,surgery,36.0,True,,,False,True,0.0,0.0,True,
FAC_C05,CTL_CSR3,control,CSR,2025-11,internal_medicine,93.0,True,2.0,3.0,True,False,5.0,0.053763440860215055,True,
FAC_C05,CTL_CSR3,control,CSR,2025-11,obgyn,94.0,True,,,False,True,0.0,0.0,True,
FAC_C05,CTL_CSR3,control,CSR,2025-11,pediatrics,91.0,True,1.0,1.0,True,False,2.0,0.02197802197802198,True,
FAC_C05,CTL_CSR3,control,CSR,2025-11,surgery,32.0,True,,,False,True,0.0,0.0,True,
FAC_C05,CTL_CSR3,control,CSR,2025-12,internal_medicine,52.0,True,3.0,1.0,True,False,4.0,0.07692307692307693,True,
FAC_C05,CTL_CSR3,control,CSR,2025-12,obgyn,81.0,True,,,False,True,0.0,0.0,True,
FAC_C05,CTL_CSR3,control,CSR,2025-12,pediatrics,67.0,True,,1.0,True,False,1.0,0.014925373134328358,True,
FAC_C05,CTL_CSR3,control,CSR,2025-12,surgery,38.0,True,,,False,True,0.0,0.0,True,
FAC_C06,CTL_CSR4,control,CSR,2023-01,internal_medicine,28.0,True,,,False,True,0.0,0.0,True,
FAC_C06,CTL_CSR4,control,CSR,2023-01,obgyn,133.0,True,,,False,True,0.0,0.0,True,
FAC_C06,CTL_CSR4,control,CSR,2023-01,pediatrics,29.0,True,,,False,True,0.0,0.0,True,
FAC_C06,CTL_CSR4,control,CSR,2023-01,surgery,11.0,True,,1.0,True,False,1.0,0.09090909090909091,True,
FAC_C06,CTL_CSR4,control,CSR,2023-02,internal_medicine,24.0,True,1.0,,True,False,1.0,0.041666666666666664,True,
FAC_C06,CTL_CSR4,control,CSR,2023-02,obgyn,19.0,True,,,False,True,0.0,0.0,True,
FAC_C06,CTL_CSR4,control,CSR,2023-02,pediatrics,23.0,True,2.0,,True,False,2.0,0.08695652173913043,True,
FAC_C06,CTL_CSR4,control,CSR,2023-02,surgery,5.0,True,,,False,True,0.0,0.0,True,
FAC_C06,CTL_CSR4,control,CSR,2023-03,internal_medicine,27.0,True,,4.0,True,False,4.0,0.14814814814814814,True,
FAC_C06,CTL_CSR4,control,CSR,2023-03,obgyn,,False,,,False,True,0.0,,False,missing_admissions
FAC_C06,CTL_CSR4,control,CSR,2023-03,pediatrics,22.0,True,1.0,,True,False,1.0,0.045454545454545456,True,
FAC_C06,CTL_CSR4,control,CSR,2023-03,surgery,10.0,True,,,False,True,0.0,0.0,True,
FAC_C06,CTL_CSR4,control,CSR,2023-04,internal_medicine,22.0,True,,2.0,True,False,2.0,0.09090909090909091,True,
FAC_C06,CTL_CSR4,control,CSR,2023-04,obgyn,,False,,,False,True,0.0,,False,missing_admissions
FAC_C06,CTL_CSR4,control,CSR,2023-04,pediatrics,25.0,True,,,False,True,0.0,0.0,True,
FAC_C06,CTL_CSR4,control,CSR,2023-04,surgery,15.0,True,,,False,True,0.0,0.0,True,
FAC_C06,CTL_CSR4,control,CSR,2023-05,internal_medicine,31.0,True,,,False,True,0.0,0.0,True,
FAC_C06,CTL_CSR4,control,CSR,2023-05,obgyn,,False,,,False,True,0.0,,False,missing_admissions
FAC_C06,CTL_CSR4,control,CSR,2023-05,pediatrics,19.0,True,3.0,,True,False,3.0,0.15789473684210525,True,
FAC_C06,CTL_CSR4,control,CSR,2023-05,surgery,11.0,True,,,False,True,0.0,0.0,True,
FAC_C06,CTL_CSR4,control,CSR,2023-06,internal_medicine,30.0,True,1.0,1.0,True,False,2.0,0.06666666666666667,True,
FAC_C06,CTL_CSR4,control,CSR,2023-06,obgyn,109.0,True,,,False,True,0.0,0.0,True,
FAC_C06,CTL_CSR4,control,CSR,2023-06,pediatrics,43.0,True,1.0,1.0,True,False,2.0,0.046511627906976744,True,
FAC_C06,CTL_CSR4,control,CSR,2023-06,surgery,17.0,True,,,False,True,0.0,0.0,True,
FAC_C06,CTL_CSR4,control,CSR,2023-07,internal_medicine,35.0,True,1.0,1.0,True,False,2.0,0.05714285714285714,True,
FAC_C06,CTL_CSR4,control,CSR,2023-07,obgyn,,False,,,False,True,0.0,,False,missing_admissions
FAC_C06,CTL_CSR4,control,CSR,2023-07,pediatrics,19.0,True,1.0,,True,False,1.0,0.05263157894736842,True,
FAC_C06,CTL_CSR4,control,CSR,2023-07,surgery,7.0,True,,,False,True,0.0,0.0,True,
FAC_C06,CTL_CSR4,control,CSR,2023-08,internal_medicine,35.0,True,2.0,,True,False,2.0,0.05714285714285714,True,
FAC_C06,CTL_CSR4,control,CSR,2023-08,obgyn,7.0,True,,,False,True,0.0,0.0,True,
FAC_C06,CTL_CSR4,control,CSR,2023-08,pediatrics,17.0,True,,,False,True,0.0,0.0,True,
FAC_C06,CTL_CSR4,control,CSR,2023-08,surgery,19.0,True,,,False,True,0.0,0.0,True,
FAC_C06,CTL_CSR4,control,CSR,2023-09,internal_medicine,44.0,True,,,False,True,0.0,0.0,True,
FAC_C06,CTL_CSR4,control,CSR,2023-09,obgyn,89.0,True,,,False,True,0.0,0.0,True,
FAC_C06,CTL_CSR4,control,CSR,2023-09,pediatrics,,False,,1.0,True,False,1.0,,False,missing_admissions
FAC_C06,CTL_CSR4,control,CSR,2023-09,surgery,35.0,True,,,False,True,0.0,0.0,True,
FAC_C06,CTL_CSR4,control,CSR,2023-10,internal_medicine,51.0,True,,2.0,True,False,2.0,0.0392156862745098,True,
FAC_C06,CTL_CSR4,control,CSR,2023-10,obgyn,,False,1.0,,True,False,1.0,,False,missing_admissions
FAC_C06,CTL_CSR4,control,CSR,2023-10,pediatrics,,False,1.0,,True,False,1.0,,False,missing_admissions
FAC_C06,CTL_CSR4,control,CSR,2023-10,surgery,34.0,True,,,False,True,0.0,0.0,True,
FAC_C06,CTL_CSR4,control,CSR,2023-11,internal_medicine,31.0,True,1.0,1.0,True,False,2.0,0.06451612903225806,True,
FAC_C06,CTL_CSR4,control,CSR,2023-11,obgyn,,False,,,False,True,0.0,,False,missing_admissions
FAC_C06,CTL_CSR4,control,CSR,2023-11,pediatrics,28.0,True,,,False,True,0.0,0.0,True,
FAC_C06,CTL_CSR4,control,CSR,2023-11,surgery,13.0,True,,,False,True,0.0,0.0,True,
FAC_C06,CTL_CSR4,control,CSR,2023-12,internal_medicine,40.0,True,1.0,2.0,True,False,3.0,0.075,True,
FAC_C06,CTL_CSR4,control,CSR,2023-12,obgyn,,False,,,False,True,0.0,,False,missing_admissions
FAC_C06,CTL_CSR4,control,CSR,2023-12,pediatrics,64.0,True,1.0,,True,False,1.0,0.015625,True,
FAC_C06,CTL_CSR4,control,CSR,2023-12,surgery,19.0,True,1.0,,True,False,1.0,0.05263157894736842,True,
FAC_C06,CTL_CSR4,control,CSR,2024-01,internal_medicine,36.0,True,1.0,1.0,True,False,2.0,0.05555555555555555,True,
FAC_C06,CTL_CSR4,control,CSR,2024-01,obgyn,89.0,True,,,False,True,0.0,0.0,True,
FAC_C06,CTL_CSR4,control,CSR,2024-01,pediatrics,20.0,True,,,False,True,0.0,0.0,True,
FAC_C06,CTL_CSR4,control,CSR,2024-01,surgery,5.0,True,,,False,True,0.0,0.0,True,
FAC_C06,CTL_CSR4,control,CSR,2024-02,internal_medicine,37.0,True,,,False,True,0.0,0.0,True,
FAC_C06,CTL_CSR4,control,CSR,2024-02,obgyn,79.0,True,,,False,True,0.0,0.0,True,
FAC_C06,CTL_CSR4,control,CSR,2024-02,pediatrics,15.0,True,,,False,True,0.0,0.0,True,
FAC_C06,CTL_CSR4,control,CSR,2024-02,surgery,4.0,True,,,False,True,0.0,0.0,False,admissions_below_5
FAC_C06,CTL_CSR4,control,CSR,2024-03,internal_medicine,26.0,True,,2.0,True,False,2.0,0.07692307692307693,True,
FAC_C06,CTL_CSR4,control,CSR,2024-03,obgyn,81.0,True,,,False,True,0.0,0.0,True,
FAC_C06,CTL_CSR4,control,CSR,2024-03,pediatrics,11.0,True,,,False,True,0.0,0.0,True,
FAC_C06,CTL_CSR4,control,CSR,2024-03,surgery,6.0,True,,,False,True,0.0,0.0,True,
FAC_C06,CTL_CSR4,control,CSR,2024-04,internal_medicine,26.0,True,1.0,,True,False,1.0,0.038461538461538464,True,
FAC_C06,CTL_CSR4,control,CSR,2024-04,obgyn,84.0,True,,,False,True,0.0,0.0,True,
FAC_C06,CTL_CSR4,control,CSR,2024-04,pediatrics,14.0,True,2.0,,True,False,2.0,0.14285714285714285,True,
FAC_C06,CTL_CSR4,control,CSR,2024-04,surgery,5.0,True,,1.0,True,False,1.0,0.2,True,
FAC_C06,CTL_CSR4,control,CSR,2024-05,internal_medicine,27.0,True,,,False,True,0.0,0.0,True,
FAC_C06,CTL_CSR4,control,CSR,2024-05,obgyn,,False,,,False,True,0.0,,False,missing_admissions
FAC_C06,CTL_CSR4,control,CSR,2024-05,pediatrics,13.0,True,,,False,True,0.0,0.0,True,
FAC_C06,CTL_CSR4,control,CSR,2024-05,surgery,9.0,True,,,False,True,0.0,0.0,True,
FAC_C06,CTL_CSR4,control,CSR,2024-06,internal_medicine,28.0,True,1.0,2.0,True,False,3.0,0.10714285714285714,True,
FAC_C06,CTL_CSR4,control,CSR,2024-06,obgyn,106.0,True,,,False,True,0.0,0.0,True,
FAC_C06,CTL_CSR4,control,CSR,2024-06,pediatrics,18.0,True,1.0,,True,False,1.0,0.05555555555555555,True,
FAC_C06,CTL_CSR4,control,CSR,2024-06,surgery,6.0,True,,,False,True,0.0,0.0,True,
FAC_C06,CTL_CSR4,control,CSR,2024-07,internal_medicine,34.0,True,,,False,True,0.0,0.0,True,
FAC_C06,CTL_CSR4,control,CSR,2024-07,obgyn,157.0,True,,,False,True,0.0,0.0,True,
FAC_C06,CTL_CSR4,control,CSR,2024-07,pediatrics,23.0,True,1.0,2.0,True,False,3.0,0.13043478260869565,True,
FAC_C06,CTL_CSR4,control,CSR,2024-07,surgery,5.0,True,,,False,True,0.0,0.0,True,
FAC_C06,CTL_CSR4,control,CSR,2024-08,internal_medicine,37.0,True,,,False,True,0.0,0.0,True,
FAC_C06,CTL_CSR4,control,CSR,2024-08,obgyn,155.0,True,,,False,True,0.0,0.0,True,
FAC_C06,CTL_CSR4,control,CSR,2024-08,pediatrics,24.0,True,,,False,True,0.0,0.0,True,
FAC_C06,CTL_CSR4,control,CSR,2024-08,surgery,4.0,True,,,False,True,0.0,0.0,False,admissions_below_5
FAC_C06,CTL_CSR4,control,CSR,2024-09,internal_medicine,47.0,True,2.0,,True,False,2.0,0.0425531914893617,True,
FAC_C06,CTL_CSR4,control,CSR,2024-09,obgyn,,False,,,False,True,0.0,,False,missing_admissions
FAC_C06,CTL_CSR4,control,CSR,2024-09,pediatrics,,False,1.0,,True,False,1.0,,False,missing_admissions
FAC_C06,CTL_CSR4,control,CSR,2024-09,surgery,20.0,True,,,False,True,0.0,0.0,True,
FAC_C06,CTL_CSR4,control,CSR,2024-10,internal_medicine,57.0,True,,,False,True,0.0,0.0,True,
FAC_C06,CTL_CSR4,control,CSR,2024-10,obgyn,,False,,,False,True,0.0,,False,missing_admissions
FAC_C06,CTL_CSR4,control,CSR,2024-10,pediatrics,,False,1.0,,True,False,1.0,,False,missing_admissions
FAC_C06,CTL_CSR4,control,CSR,2024-10,surgery,12.0,True,,,False,True,0.0,0.0,True,
FAC_C06,CTL_CSR4,control,CSR,2024-11,internal_medicine,44.0,True,1.0,2.0,True,False,3.0,0.06818181818181818,True,
FAC_C06,CTL_CSR4,control,CSR,2024-11,obgyn,146.0,True,,,False,True,0.0,0.0,True,
FAC_C06,CTL_CSR4,control,CSR,2024-11,pediatrics,38.0,True,,,False,True,0.0,0.0,True,
FAC_C06,CTL_CSR4,control,CSR,2024-11,surgery,,False,,,False,True,0.0,,False,missing_admissions
FAC_C06,CTL_CSR4,control,CSR,2024-12,internal_medicine,53.0,True,2.0,,True,False,2.0,0.03773584905660377,True,
FAC_C06,CTL_CSR4,control,CSR,2024-12,obgyn,208.0,True,1.0,,True,False,1.0,0.004807692307692308,True,
FAC_C06,CTL_CSR4,control,CSR,2024-12,pediatrics,29.0,True,1.0,,True,False,1.0,0.034482758620689655,True,
FAC_C06,CTL_CSR4,control,CSR,2024-12,surgery,15.0,True,,,False,True,0.0,0.0,True,
FAC_C06,CTL_CSR4,control,CSR,2025-01,internal_medicine,60.0,True,,5.0,True,False,5.0,0.08333333333333333,True,
FAC_C06,CTL_CSR4,control,CSR,2025-01,obgyn,204.0,True,,,False,True,0.0,0.0,True,
FAC_C06,CTL_CSR4,control,CSR,2025-01,pediatrics,91.0,True,1.0,1.0,True,False,2.0,0.02197802197802198,True,
FAC_C06,CTL_CSR4,control,CSR,2025-01,surgery,19.0,True,,,False,True,0.0,0.0,True,
FAC_C06,CTL_CSR4,control,CSR,2025-02,internal_medicine,41.0,True,1.0,2.0,True,False,3.0,0.07317073170731707,True,
FAC_C06,CTL_CSR4,control,CSR,2025-02,obgyn,133.0,True,,,False,True,0.0,0.0,True,
FAC_C06,CTL_CSR4,control,CSR,2025-02,pediatrics,64.0,True,3.0,,True,False,3.0,0.046875,True,
FAC_C06,CTL_CSR4,control,CSR,2025-02,surgery,10.0,True,1.0,,True,False,1.0,0.1,True,
FAC_C06,CTL_CSR4,control,CSR,2025-03,internal_medicine,30.0,True,,,False,True,0.0,0.0,True,
FAC_C06,CTL_CSR4,control,CSR,2025-03,obgyn,97.0,True,,,False,True,0.0,0.0,True,
FAC_C06,CTL_CSR4,control,CSR,2025-03,pediatrics,47.0,True,1.0,,True,False,1.0,0.02127659574468085,True,
FAC_C06,CTL_CSR4,control,CSR,2025-03,surgery,5.0,True,,,False,True,0.0,0.0,True,
FAC_C06,CTL_CSR4,control,CSR,2025-04,internal_medicine,34.0,True,1.0,1.0,True,False,2.0,0.058823529411764705,True,
FAC_C06,CTL_CSR4,control,CSR,2025-04,obgyn,102.0,True,,,False,True,0.0,0.0,True,
FAC_C06,CTL_CSR4,control,CSR,2025-04,pediatrics,46.0,True,,,False,True,0.0,0.0,True,
FAC_C06,CTL_CSR4,control,CSR,2025-04,surgery,3.0,True,,,False,True,0.0,0.0,False,admissions_below_5
FAC_C06,CTL_CSR4,control,CSR,2025-05,internal_medicine,35.0,True,1.0,1.0,True,False,2.0,0.05714285714285714,True,
FAC_C06,CTL_CSR4,control,CSR,2025-05,obgyn,195.0,True,,,False,True,0.0,0.0,True,
FAC_C06,CTL_CSR4,control,CSR,2025-05,pediatrics,29.0,True,2.0,1.0,True,False,3.0,0.10344827586206896,True,
FAC_C06,CTL_CSR4,control,CSR,2025-05,surgery,7.0,True,,,False,True,0.0,0.0,True,
FAC_C06,CTL_CSR4,control,CSR,2025-06,internal_medicine,33.0,True,1.0,,True,False,1.0,0.030303030303030304,True,
FAC_C06,CTL_CSR4,control,CSR,2025-06,obgyn,191.0,True,,,False,True,0.0,0.0,True,
FAC_C06,CTL_CSR4,control,CSR,2025-06,pediatrics,28.0,True,,,False,True,0.0,0.0,True,
FAC_C06,CTL_CSR4,control,CSR,2025-06,surgery,6.0,True,1.0,,True,False,1.0,0.16666666666666666,True,
FAC_C06,CTL_CSR4,control,CSR,2025-07,internal_medicine,28.0,True,,,False,True,0.0,0.0,True,
FAC_C06,CTL_CSR4,control,CSR,2025-07,obgyn,130.0,True,,,False,True,0.0,0.0,True,
FAC_C06,CTL_CSR4,control,CSR,2025-07,pediatrics,25.0,True,,,False,True,0.0,0.0,True,
FAC_C06,CTL_CSR4,control,CSR,2025-07,surgery,8.0,True,,,False,True,0.0,0.0,True,
FAC_C06,CTL_CSR4,control,CSR,2025-08,internal_medicine,21.0,True,1.0,2.0,True,False,3.0,0.14285714285714285,True,
FAC_C06,CTL_CSR4,control,CSR,2025-08,obgyn,114.0,True,,,False,True,0.0,0.0,True,
FAC_C06,CTL_CSR4,control,CSR,2025-08,pediatrics,5.0,True,,,False,True,0.0,0.0,True,
FAC_C06,CTL_CSR4,control,CSR,2025-08,surgery,7.0,True,,,False,True,0.0,0.0,True,
FAC_C06,CTL_CSR4,control,CSR,2025-09,internal_medicine,27.0,True,,,False,True,0.0,0.0,True,
FAC_C06,CTL_CSR4,control,CSR,2025-09,obgyn,98.0,True,,,False,True,0.0,0.0,True,
FAC_C06,CTL_CSR4,control,CSR,2025-09,pediatrics,13.0,True,1.0,,True,False,1.0,0.07692307692307693,True,
FAC_C06,CTL_CSR4,control,CSR,2025-09,surgery,6.0,True,,,False,True,0.0,0.0,True,
FAC_C06,CTL_CSR4,control,CSR,2025-10,internal_medicine,26.0,True,1.0,1.0,True,False,2.0,0.07692307692307693,True,
FAC_C06,CTL_CSR4,control,CSR,2025-10,obgyn,126.0,True,,,False,True,0.0,0.0,True,
FAC_C06,CTL_CSR4,control,CSR,2025-10,pediatrics,28.0,True,,,False,True,0.0,0.0,True,
FAC_C06,CTL_CSR4,control,CSR,2025-10,surgery,7.0,True,,,False,True,0.0,0.0,True,
FAC_C06,CTL_CSR4,control,CSR,2025-11,internal_medicine,,False,,,False,True,0.0,,False,missing_admissions
FAC_C06,CTL_CSR4,control,CSR,2025-11,obgyn,,False,,,False,True,0.0,,False,missing_admissions
FAC_C06,CTL_CSR4,control,CSR,2025-11,pediatrics,,False,,,False,True,0.0,,False,missing_admissions
FAC_C06,CTL_CSR4,control,CSR,2025-11,surgery,,False,,,False,True,0.0,,False,missing_admissions
FAC_C06,CTL_CSR4,control,CSR,2025-12,internal_medicine,36.0,True,,1.0,True,False,1.0,0.027777777777777776,True,
FAC_C06,CTL_CSR4,control,CSR,2025-12,obgyn,104.0,True,,,False,True,0.0,0.0,True,
FAC_C06,CTL_CSR4,control,CSR,2025-12,pediatrics,22.0,True,1.0,,True,False,1.0,0.045454545454545456,True,
FAC_C06,CTL_CSR4,control,CSR,2025-12,surgery,6.0,True,,,False,True,0.0,0.0,True,
FAC_T01,HGR1,treatment,HGR,2023-01,internal_medicine,100.0,True,,3.0,True,False,3.0,0.03,True,
FAC_T01,HGR1,treatment,HGR,2023-01,obgyn,215.0,True,,,False,True,0.0,0.0,True,
FAC_T01,HGR1,treatment,HGR,2023-01,pediatrics,91.0,True,2.0,,True,False,2.0,0.02197802197802198,True,
FAC_T01,HGR1,treatment,HGR,2023-01,surgery,73.0,True,,,False,True,0.0,0.0,True,
FAC_T01,HGR1,treatment,HGR,2023-02,internal_medicine,73.0,True,1.0,1.0,True,False,2.0,0.0273972602739726,True,
FAC_T01,HGR1,treatment,HGR,2023-02,obgyn,169.0,True,,,False,True,0.0,0.0,True,
FAC_T01,HGR1,treatment,HGR,2023-02,pediatrics,74.0,True,1.0,1.0,True,False,2.0,0.02702702702702703,True,
FAC_T01,HGR1,treatment,HGR,2023-02,surgery,76.0,True,,2.0,True,False,2.0,0.02631578947368421,True,
FAC_T01,HGR1,treatment,HGR,2023-03,internal_medicine,56.0,True,1.0,,True,False,1.0,0.017857142857142856,True,
FAC_T01,HGR1,treatment,HGR,2023-03,obgyn,210.0,True,,,False,True,0.0,0.0,True,
FAC_T01,HGR1,treatment,HGR,2023-03,pediatrics,73.0,True,,1.0,True,False,1.0,0.0136986301369863,True,
FAC_T01,HGR1,treatment,HGR,2023-03,surgery,70.0,True,,1.0,True,False,1.0,0.014285714285714285,True,
FAC_T01,HGR1,treatment,HGR,2023-04,internal_medicine,59.0,True,,,False,True,0.0,0.0,True,
FAC_T01,HGR1,treatment,HGR,2023-04,obgyn,194.0,True,,,False,True,0.0,0.0,True,
FAC_T01,HGR1,treatment,HGR,2023-04,pediatrics,62.0,True,,2.0,True,False,2.0,0.03225806451612903,True,
FAC_T01,HGR1,treatment,HGR,2023-04,surgery,68.0,True,,2.0,True,False,2.0,0.029411764705882353,True,
FAC_T01,HGR1,treatment,HGR,2023-05,internal_medicine,,False,,,False,True,0.0,,False,missing_admissions
FAC_T01,HGR1,treatment,HGR,2023-05,obgyn,186.0,True,,,False,True,0.0,0.0,True,
FAC_T01,HGR1,treatment,HGR,2023-05,pediatrics,77.0,True,,2.0,True,False,2.0,0.025974025974025976,True,
FAC_T01,HGR1,treatment,HGR,2023-05,surgery,85.0,True,1.0,2.0,True,False,3.0,0.03529411764705882,True,
FAC_T01,HGR1,treatment,HGR,2023-06,internal_medicine,104.0,True,2.0,1.0,True,False,3.0,0.028846153846153848,True,
FAC_T01,HGR1,treatment,HGR,2023-06,obgyn,189.0,True,,,False,True,0.0,0.0,True,
FAC_T01,HGR1,treatment,HGR,2023-06,pediatrics,57.0,True,1.0,1.0,True,False,2.0,0.03508771929824561,True,
FAC_T01,HGR1,treatment,HGR,2023-06,surgery,68.0,True,,2.0,True,False,2.0,0.029411764705882353,True,
FAC_T01,HGR1,treatment,HGR,2023-07,internal_medicine,107.0,True,2.0,3.0,True,False,5.0,0.04672897196261682,True,
FAC_T01,HGR1,treatment,HGR,2023-07,obgyn,211.0,True,,,False,True,0.0,0.0,True,
FAC_T01,HGR1,treatment,HGR,2023-07,pediatrics,70.0,True,,3.0,True,False,3.0,0.04285714285714286,True,
FAC_T01,HGR1,treatment,HGR,2023-07,surgery,83.0,True,,,False,True,0.0,0.0,True,
FAC_T01,HGR1,treatment,HGR,2023-08,internal_medicine,107.0,True,1.0,2.0,True,False,3.0,0.028037383177570093,True,
FAC_T01,HGR1,treatment,HGR,2023-08,obgyn,227.0,True,,1.0,True,False,1.0,0.004405286343612335,True,
FAC_T01,HGR1,treatment,HGR,2023-08,pediatrics,86.0,True,1.0,,True,False,1.0,0.011627906976744186,True,
FAC_T01,HGR1,treatment,HGR,2023-08,surgery,98.0,True,,1.0,True,False,1.0,0.01020408163265306,True,
FAC_T01,HGR1,treatment,HGR,2023-09,internal_medicine,84.0,True,,2.0,True,False,2.0,0.023809523809523808,True,
FAC_T01,HGR1,treatment,HGR,2023-09,obgyn,223.0,True,,,False,True,0.0,0.0,True,
FAC_T01,HGR1,treatment,HGR,2023-09,pediatrics,102.0,True,,3.0,True,False,3.0,0.029411764705882353,True,
FAC_T01,HGR1,treatment,HGR,2023-09,surgery,77.0,True,,4.0,True,False,4.0,0.05194805194805195,True,
FAC_T01,HGR1,treatment,HGR,2023-10,internal_medicine,112.0,True,,2.0,True,False,2.0,0.017857142857142856,True,
FAC_T01,HGR1,treatment,HGR,2023-10,obgyn,273.0,True,,,False,True,0.0,0.0,True,
FAC_T01,HGR1,treatment,HGR,2023-10,pediatrics,125.0,True,,2.0,True,False,2.0,0.016,True,
FAC_T01,HGR1,treatment,HGR,2023-10,surgery,91.0,True,1.0,3.0,True,False,4.0,0.04395604395604396,True,
FAC_T01,HGR1,treatment,HGR,2023-11,internal_medicine,87.0,True,,3.0,True,False,3.0,0.034482758620689655,True,
FAC_T01,HGR1,treatment,HGR,2023-11,obgyn,239.0,True,,,False,True,0.0,0.0,True,
FAC_T01,HGR1,treatment,HGR,2023-11,pediatrics,128.0,True,,1.0,True,False,1.0,0.0078125,True,
FAC_T01,HGR1,treatment,HGR,2023-11,surgery,82.0,True,,1.0,True,False,1.0,0.012195121951219513,True,
FAC_T01,HGR1,treatment,HGR,2023-12,internal_medicine,112.0,True,3.0,,True,False,3.0,0.026785714285714284,True,
FAC_T01,HGR1,treatment,HGR,2023-12,obgyn,219.0,True,,,False,True,0.0,0.0,True,
FAC_T01,HGR1,treatment,HGR,2023-12,pediatrics,128.0,True,,2.0,True,False,2.0,0.015625,True,
FAC_T01,HGR1,treatment,HGR,2023-12,surgery,82.0,True,,1.0,True,False,1.0,0.012195121951219513,True,
FAC_T01,HGR1,treatment,HGR,2024-01,internal_medicine,112.0,True,,3.0,True,False,3.0,0.026785714285714284,True,
FAC_T01,HGR1,treatment,HGR,2024-01,obgyn,248.0,True,,,False,True,0.0,0.0,True,
FAC_T01,HGR1,treatment,HGR,2024-01,pediatrics,100.0,True,,3.0,True,False,3.0,0.03,True,
FAC_T01,HGR1,treatment,HGR,2024-01,surgery,94.0,True,,3.0,True,False,3.0,0.031914893617021274,True,
FAC_T01,HGR1,treatment,HGR,2024-02,internal_medicine,101.0,True,1.0,3.0,True,False,4.0,0.039603960396039604,True,
FAC_T01,HGR1,treatment,HGR,2024-02,obgyn,221.0,True,,,False,True,0.0,0.0,True,
FAC_T01,HGR1,treatment,HGR,2024-02,pediatrics,112.0,True,1.0,1.0,True,False,2.0,0.017857142857142856,True,
FAC_T01,HGR1,treatment,HGR,2024-02,surgery,79.0,True,,2.0,True,False,2.0,0.02531645569620253,True,
FAC_T01,HGR1,treatment,HGR,2024-03,internal_medicine,98.0,True,,4.0,True,False,4.0,0.04081632653061224,True,
FAC_T01,HGR1,treatment,HGR,2024-03,obgyn,221.0,True,,,False,True,0.0,0.0,True,
FAC_T01,HGR1,treatment,HGR,2024-03,pediatrics,96.0,True,2.0,,True,False,2.0,0.020833333333333332,True,
FAC_T01,HGR1,treatment,HGR,2024-03,surgery,95.0,True,,5.0,True,False,5.0,0.05263157894736842,True,
FAC_T01,HGR1,treatment,HGR,2024-04,internal_medicine,111.0,True,1.0,3.0,True,False,4.0,0.036036036036036036,True,
FAC_T01,HGR1,treatment,HGR,2024-04,obgyn,182.0,True,,,False,True,0.0,0.0,True,
FAC_T01,HGR1,treatment,HGR,2024-04,pediatrics,85.0,True,1.0,1.0,True,False,2.0,0.023529411764705882,True,
FAC_T01,HGR1,treatment,HGR,2024-04,surgery,80.0,True,,3.0,True,False,3.0,0.0375,True,
FAC_T01,HGR1,treatment,HGR,2024-05,internal_medicine,100.0,True,1.0,3.0,True,False,4.0,0.04,True,
FAC_T01,HGR1,treatment,HGR,2024-05,obgyn,202.0,True,,,False,True,0.0,0.0,True,
FAC_T01,HGR1,treatment,HGR,2024-05,pediatrics,87.0,True,1.0,2.0,True,False,3.0,0.034482758620689655,True,
FAC_T01,HGR1,treatment,HGR,2024-05,surgery,100.0,True,,3.0,True,False,3.0,0.03,True,
FAC_T01,HGR1,treatment,HGR,2024-06,internal_medicine,112.0,True,,3.0,True,False,3.0,0.026785714285714284,True,
FAC_T01,HGR1,treatment,HGR,2024-06,obgyn,221.0,True,,1.0,True,False,1.0,0.004524886877828055,True,
FAC_T01,HGR1,treatment,HGR,2024-06,pediatrics,83.0,True,,1.0,True,False,1.0,0.012048192771084338,True,
FAC_T01,HGR1,treatment,HGR,2024-06,surgery,84.0,True,,2.0,True,False,2.0,0.023809523809523808,True,
FAC_T01,HGR1,treatment,HGR,2024-07,internal_medicine,96.0,True,,1.0,True,False,1.0,0.010416666666666666,True,
FAC_T01,HGR1,treatment,HGR,2024-07,obgyn,240.0,True,,,False,True,0.0,0.0,True,
FAC_T01,HGR1,treatment,HGR,2024-07,pediatrics,100.0,True,,1.0,True,False,1.0,0.01,True,
FAC_T01,HGR1,treatment,HGR,2024-07,surgery,91.0,True,,1.0,True,False,1.0,0.01098901098901099,True,
FAC_T01,HGR1,treatment,HGR,2024-08,internal_medicine,114.0,True,1.0,3.0,True,False,4.0,0.03508771929824561,True,
FAC_T01,HGR1,treatment,HGR,2024-08,obgyn,239.0,True,,,False,True,0.0,0.0,True,
FAC_T01,HGR1,treatment,HGR,2024-08,pediatrics,104.0,True,,,False,True,0.0,0.0,True,
FAC_T01,HGR1,treatment,HGR,2024-08,surgery,82.0,True,,1.0,True,False,1.0,0.012195121951219513,True,
FAC_T01,HGR1,treatment,HGR,2024-09,internal_medicine,110.0,True,,3.0,True,False,3.0,0.02727272727272727,True,
FAC_T01,HGR1,treatment,HGR,2024-09,obgyn,269.0,True,,,False,True,0.0,0.0,True,
FAC_T01,HGR1,treatment,HGR,2024-09,pediatrics,93.0,True,,1.0,True,False,1.0,0.010752688172043012,True,
FAC_T01,HGR1,treatment,HGR,2024-09,surgery,90.0,True,,4.0,True,False,4.0,0.044444444444444446,True,
FAC_T01,HGR1,treatment,HGR,2024-10,internal_medicine,122.0,True,2.0,2.0,True,False,4.0,0.03278688524590164,True,
FAC_T01,HGR1,treatment,HGR,2024-10,obgyn,297.0,True,,,False,True,0.0,0.0,True,
FAC_T01,HGR1,treatment,HGR,2024-10,pediatrics,115.0,True,,3.0,True,False,3.0,0.02608695652173913,True,
FAC_T01,HGR1,treatment,HGR,2024-10,surgery,86.0,True,,4.0,True,False,4.0,0.046511627906976744,True,
FAC_T01,HGR1,treatment,HGR,2024-11,internal_medicine,112.0,True,,2.0,True,False,2.0,0.017857142857142856,True,
FAC_T01,HGR1,treatment,HGR,2024-11,obgyn,249.0,True,,,False,True,0.0,0.0,True,
FAC_T01,HGR1,treatment,HGR,2024-11,pediatrics,109.0,True,,2.0,True,False,2.0,0.01834862385321101,True,
FAC_T01,HGR1,treatment,HGR,2024-11,surgery,80.0,True,,1.0,True,False,1.0,0.0125,True,
FAC_T01,HGR1,treatment,HGR,2024-12,internal_medicine,105.0,True,,3.0,True,False,3.0,0.02857142857142857,True,
FAC_T01,HGR1,treatment,HGR,2024-12,obgyn,239.0,True,,,False,True,0.0,0.0,True,
FAC_T01,HGR1,treatment,HGR,2024-12,pediatrics,128.0,True,,1.0,True,False,1.0,0.0078125,True,
FAC_T01,HGR1,treatment,HGR,2024-12,surgery,80.0,True,,2.0,True,False,2.0,0.025,True,
FAC_T01,HGR1,treatment,HGR,2025-01,internal_medicine,128.0,True,,3.0,True,False,3.0,0.0234375,True,
FAC_T01,HGR1,treatment,HGR,2025-01,obgyn,239.0,True,,,False,True,0.0,0.0,True,
FAC_T01,HGR1,treatment,HGR,2025-01,pediatrics,110.0,True,,,False,True,0.0,0.0,True,
FAC_T01,HGR1,treatment,HGR,2025-01,surgery,91.0,True,1.0,1.0,True,False,2.0,0.02197802197802198,True,
FAC_T01,HGR1,treatment,HGR,2025-02,internal_medicine,103.0,True,,2.0,True,False,2.0,0.019417475728155338,True,
FAC_T01,HGR1,treatment,HGR,2025-02,obgyn,239.0,True,,,False,True,0.0,0.0,True,
FAC_T01,HGR1,treatment,HGR,2025-02,pediatrics,120.0,True,,2.0,True,False,2.0,0.016666666666666666,True,
FAC_T01,HGR1,treatment,HGR,2025-02,surgery,48.0,True,,1.0,True,False,1.0,0.020833333333333332,True,
FAC_T01,HGR1,treatment,HGR,2025-03,internal_medicine,111.0,True,,3.0,True,False,3.0,0.02702702702702703,True,
FAC_T01,HGR1,treatment,HGR,2025-03,obgyn,264.0,True,,,False,True,0.0,0.0,True,
FAC_T01,HGR1,treatment,HGR,2025-03,pediatrics,119.0,True,,2.0,True,False,2.0,0.01680672268907563,True,
FAC_T01,HGR1,treatment,HGR,2025-03,surgery,86.0,True,,3.0,True,False,3.0,0.03488372093023256,True,
FAC_T01,HGR1,treatment,HGR,2025-04,internal_medicine,118.0,True,,2.0,True,False,2.0,0.01694915254237288,True,
FAC_T01,HGR1,treatment,HGR,2025-04,obgyn,259.0,True,,,False,True,0.0,0.0,True,
FAC_T01,HGR1,treatment,HGR,2025-04,pediatrics,141.0,True,,1.0,True,False,1.0,0.0070921985815602835,True,
FAC_T01,HGR1,treatment,HGR,2025-04,surgery,112.0,True,,3.0,True,False,3.0,0.026785714285714284,True,
FAC_T01,HGR1,treatment,HGR,2025-05,internal_medicine,149.0,True,2.0,2.0,True,False,4.0,0.026845637583892617,True,
FAC_T01,HGR1,treatment,HGR,2025-05,obgyn,241.0,True,,,False,True,0.0,0.0,True,
FAC_T01,HGR1,treatment,HGR,2025-05,pediatrics,149.0,True,,,False,True,0.0,0.0,True,
FAC_T01,HGR1,treatment,HGR,2025-05,surgery,110.0,True,,3.0,True,False,3.0,0.02727272727272727,True,
FAC_T01,HGR1,treatment,HGR,2025-06,internal_medicine,149.0,True,2.0,1.0,True,False,3.0,0.020134228187919462,True,
FAC_T01,HGR1,treatment,HGR,2025-06,obgyn,275.0,True,,,False,True,0.0,0.0,True,
FAC_T01,HGR1,treatment,HGR,2025-06,pediatrics,146.0,True,,6.0,True,False,6.0,0.0410958904109589,True,
FAC_T01,HGR1,treatment,HGR,2025-06,surgery,107.0,True,,2.0,True,False,2.0,0.018691588785046728,True,
FAC_T01,HGR1,treatment,HGR,2025-07,internal_medicine,136.0,True,,2.0,True,False,2.0,0.014705882352941176,True,
FAC_T01,HGR1,treatment,HGR,2025-07,obgyn,252.0,True,,,False,True,0.0,0.0,True,
FAC_T01,HGR1,treatment,HGR,2025-07,pediatrics,127.0,True,1.0,,True,False,1.0,0.007874015748031496,True,
FAC_T01,HGR1,treatment,HGR,2025-07,surgery,103.0,True,,2.0,True,False,2.0,0.019417475728155338,True,
FAC_T01,HGR1,treatment,HGR,2025-08,internal_medicine,118.0,True,,3.0,True,False,3.0,0.025423728813559324,True,
FAC_T01,HGR1,treatment,HGR,2025-08,obgyn,268.0,True,,,False,True,0.0,0.0,True,
FAC_T01,HGR1,treatment,HGR,2025-08,pediatrics,124.0,True,1.0,1.0,True,False,2.0,0.016129032258064516,True,
FAC_T01,HGR1,treatment,HGR,2025-08,surgery,117.0,True,,2.0,True,False,2.0,0.017094017094017096,True,
FAC_T01,HGR1,treatment,HGR,2025-09,internal_medicine,138.0,True,,4.0,True,False,4.0,0.028985507246376812,True,
FAC_T01,HGR1,treatment,HGR,2025-09,obgyn,308.0,True,1.0,,True,False,1.0,0.003246753246753247,True,
FAC_T01,HGR1,treatment,HGR,2025-09,pediatrics,141.0,True,,3.0,True,False,3.0,0.02127659574468085,True,
FAC_T01,HGR1,treatment,HGR,2025-09,surgery,130.0,True,,3.0,True,False,3.0,0.023076923076923078,True,
FAC_T01,HGR1,treatment,HGR,2025-10,internal_medicine,102.0,True,1.0,1.0,True,False,2.0,0.0196078431372549,True,
FAC_T01,HGR1,treatment,HGR,2025-10,obgyn,299.0,True,,,False,True,0.0,0.0,True,
FAC_T01,HGR1,treatment,HGR,2025-10,pediatrics,129.0,True,,3.0,True,False,3.0,0.023255813953488372,True,
FAC_T01,HGR1,treatment,HGR,2025-10,surgery,111.0,True,,4.0,True,False,4.0,0.036036036036036036,True,
FAC_T01,HGR1,treatment,HGR,2025-11,internal_medicine,109.0,True,,2.0,True,False,2.0,0.01834862385321101,True,
FAC_T01,HGR1,treatment,HGR,2025-11,obgyn,242.0,True,,1.0,True,False,1.0,0.004132231404958678,True,
FAC_T01,HGR1,treatment,HGR,2025-11,pediatrics,132.0,True,,2.0,True,False,2.0,0.015151515151515152,True,
FAC_T01,HGR1,treatment,HGR,2025-11,surgery,116.0,True,,1.0,True,False,1.0,0.008620689655172414,True,
FAC_T01,HGR1,treatment,HGR,2025-12,internal_medicine,112.0,True,,3.0,True,False,3.0,0.026785714285714284,True,
FAC_T01,HGR1,treatment,HGR,2025-12,obgyn,249.0,True,,,False,True,0.0,0.0,True,
FAC_T01,HGR1,treatment,HGR,2025-12,pediatrics,104.0,True,,2.0,True,False,2.0,0.019230769230769232,True,
FAC_T01,HGR1,treatment,HGR,2025-12,surgery,101.0,True,,1.0,True,False,1.0,0.009900990099009901,True,
FAC_T02,CH1,treatment,CH,2023-01,internal_medicine,14.0,True,1.0,,True,False,1.0,0.07142857142857142,True,
FAC_T02,CH1,treatment,CH,2023-01,obgyn,48.0,True,,,False,True,0.0,0.0,True,
FAC_T02,CH1,treatment,CH,2023-01,pediatrics,6.0,True,,,False,True,0.0,0.0,True,
FAC_T02,CH1,treatment,CH,2023-01,surgery,5.0,True,,,False,True,0.0,0.0,True,
FAC_T02,CH1,treatment,CH,2023-02,internal_medicine,9.0,True,,,False,True,0.0,0.0,True,
FAC_T02,CH1,treatment,CH,2023-02,obgyn,27.0,True,,,False,True,0.0,0.0,True,
FAC_T02,CH1,treatment,CH,2023-02,pediatrics,3.0,True,,,False,True,0.0,0.0,False,admissions_below_5
FAC_T02,CH1,treatment,CH,2023-02,surgery,6.0,True,,,False,True,0.0,0.0,True,
FAC_T02,CH1,treatment,CH,2023-03,internal_medicine,18.0,True,,1.0,True,False,1.0,0.05555555555555555,True,
FAC_T02,CH1,treatment,CH,2023-03,obgyn,53.0,True,,,False,True,0.0,0.0,True,
FAC_T02,CH1,treatment,CH,2023-03,pediatrics,11.0,True,,,False,True,0.0,0.0,True,
FAC_T02,CH1,treatment,CH,2023-03,surgery,5.0,True,,,False,True,0.0,0.0,True,
FAC_T02,CH1,treatment,CH,2023-04,internal_medicine,16.0,True,,1.0,True,False,1.0,0.0625,True,
FAC_T02,CH1,treatment,CH,2023-04,obgyn,45.0,True,,,False,True,0.0,0.0,True,
FAC_T02,CH1,treatment,CH,2023-04,pediatrics,5.0,True,,,False,True,0.0,0.0,True,
FAC_T02,CH1,treatment,CH,2023-04,surgery,6.0,True,,,False,True,0.0,0.0,True,
FAC_T02,CH1,treatment,CH,2023-05,internal_medicine,13.0,True,,,False,True,0.0,0.0,True,
FAC_T02,CH1,treatment,CH,2023-05,obgyn,48.0,True,,,False,True,0.0,0.0,True,
FAC_T02,CH1,treatment,CH,2023-05,pediatrics,9.0,True,,,False,True,0.0,0.0,True,
FAC_T02,CH1,treatment,CH,2023-05,surgery,7.0,True,,,False,True,0.0,0.0,True,
FAC_T02,CH1,treatment,CH,2023-06,internal_medicine,25.0,True,1.0,,True,False,1.0,0.04,True,
FAC_T02,CH1,treatment,CH,2023-06,obgyn,48.0,True,,,False,True,0.0,0.0,True,
FAC_T02,CH1,treatment,CH,2023-06,pediatrics,13.0,True,1.0,1.0,True,False,2.0,0.15384615384615385,True,
FAC_T02,CH1,treatment,CH,2023-06,surgery,7.0,True,,1.0,True,False,1.0,0.14285714285714285,True,
FAC_T02,CH1,treatment,CH,2023-07,internal_medicine,22.0,True,,1.0,True,False,1.0,0.045454545454545456,True,
FAC_T02,CH1,treatment,CH,2023-07,obgyn,33.0,True,,,False,True,0.0,0.0,True,
FAC_T02,CH1,treatment,CH,2023-07,pediatrics,6.0,True,,,False,True,0.0,0.0,True,
FAC_T02,CH1,treatment,CH,2023-07,surgery,7.0,True,,1.0,True,False,1.0,0.14285714285714285,True,
FAC_T02,CH1,treatment,CH,2023-08,internal_medicine,23.0,True,,,False,True,0.0,0.0,True,
FAC_T02,CH1,treatment,CH,2023-08,obgyn,37.0,True,,,False,True,0.0,0.0,True,
FAC_T02,CH1,treatment,CH,2023-08,pediatrics,6.0,True,,,False,True,0.0,0.0,True,
FAC_T02,CH1,treatment,CH,2023-08,surgery,4.0,True,,,False,True,0.0,0.0,False,admissions_below_5
FAC_T02,CH1,treatment,CH,2023-09,internal_medicine,26.0,True,,,False,True,0.0,0.0,True,
FAC_T02,CH1,treatment,CH,2023-09,obgyn,49.0,True,,,False,True,0.0,0.0,True,
FAC_T02,CH1,treatment,CH,2023-09,pediatrics,13.0,True,,,False,True,0.0,0.0,True,
FAC_T02,CH1,treatment,CH,2023-09,surgery,2.0,True,3.0,,True,False,3.0,1.5,False,admissions_below_5
FAC_T02,CH1,treatment,CH,2023-10,internal_medicine,22.0,True,,1.0,True,False,1.0,0.045454545454545456,True,
FAC_T02,CH1,treatment,CH,2023-10,obgyn,60.0,True,,,False,True,0.0,0.0,True,
FAC_T02,CH1,treatment,CH,2023-10,pediatrics,13.0,True,,,False,True,0.0,0.0,True,
FAC_T02,CH1,treatment,CH,2023-10,surgery,4.0,True,,,False,True,0.0,0.0,False,admissions_below_5
FAC_T02,CH1,treatment,CH,2023-11,internal_medicine,22.0,True,,,False,True,0.0,0.0,True,
FAC_T02,CH1,treatment,CH,2023-11,obgyn,44.0,True,,,False,True,0.0,0.0,True,
FAC_T02,CH1,treatment,CH,2023-11,pediatrics,10.0,True,,,False,True,0.0,0.0,True,
FAC_T02,CH1,treatment,CH,2023-11,surgery,5.0,True,,,False,True,0.0,0.0,True,
FAC_T02,CH1,treatment,CH,2023-12,internal_medicine,26.0,True,1.0,,True,False,1.0,0.038461538461538464,True,
FAC_T02,CH1,treatment,CH,2023-12,obgyn,49.0,True,,,False,True,0.0,0.0,True,
FAC_T02,CH1,treatment,CH,2023-12,pediatrics,11.0,True,,,False,True,0.0,0.0,True,
FAC_T02,CH1,treatment,CH,2023-12,surgery,7.0,True,,,False,True,0.0,0.0,True,
FAC_T02,CH1,treatment,CH,2024-01,internal_medicine,26.0,True,,1.0,True,False,1.0,0.038461538461538464,True,
FAC_T02,CH1,treatment,CH,2024-01,obgyn,51.0,True,,,False,True,0.0,0.0,True,
FAC_T02,CH1,treatment,CH,2024-01,pediatrics,11.0,True,,,False,True,0.0,0.0,True,
FAC_T02,CH1,treatment,CH,2024-01,surgery,2.0,True,,,False,True,0.0,0.0,False,admissions_below_5
FAC_T02,CH1,treatment,CH,2024-02,internal_medicine,16.0,True,,,False,True,0.0,0.0,True,
FAC_T02,CH1,treatment,CH,2024-02,obgyn,51.0,True,,,False,True,0.0,0.0,True,
FAC_T02,CH1,treatment,CH,2024-02,pediatrics,6.0,True,,,False,True,0.0,0.0,True,
FAC_T02,CH1,treatment,CH,2024-02,surgery,5.0,True,,,False,True,0.0,0.0,True,
FAC_T02,CH1,treatment,CH,2024-03,internal_medicine,26.0,True,1.0,,True,False,1.0,0.038461538461538464,True,
FAC_T02,CH1,treatment,CH,2024-03,obgyn,48.0,True,,,False,True,0.0,0.0,True,
FAC_T02,CH1,treatment,CH,2024-03,pediatrics,13.0,True,,1.0,True,False,1.0,0.07692307692307693,True,
FAC_T02,CH1,treatment,CH,2024-03,surgery,7.0,True,,,False,True,0.0,0.0,True,
FAC_T02,CH1,treatment,CH,2024-04,internal_medicine,26.0,True,,1.0,True,False,1.0,0.038461538461538464,True,
FAC_T02,CH1,treatment,CH,2024-04,obgyn,56.0,True,,,False,True,0.0,0.0,True,
FAC_T02,CH1,treatment,CH,2024-04,pediatrics,13.0,True,2.0,,True,False,2.0,0.15384615384615385,True,
FAC_T02,CH1,treatment,CH,2024-04,surgery,7.0,True,,,False,True,0.0,0.0,True,
FAC_T02,CH1,treatment,CH,2024-05,internal_medicine,26.0,True,1.0,1.0,True,False,2.0,0.07692307692307693,True,
FAC_T02,CH1,treatment,CH,2024-05,obgyn,60.0,True,,,False,True,0.0,0.0,True,
FAC_T02,CH1,treatment,CH,2024-05,pediatrics,13.0,True,,,False,True,0.0,0.0,True,
FAC_T02,CH1,treatment,CH,2024-05,surgery,6.0,True,,,False,True,0.0,0.0,True,
FAC_T02,CH1,treatment,CH,2024-06,internal_medicine,26.0,True,,1.0,True,False,1.0,0.038461538461538464,True,
FAC_T02,CH1,treatment,CH,2024-06,obgyn,60.0,True,,,False,True,0.0,0.0,True,
FAC_T02,CH1,treatment,CH,2024-06,pediatrics,13.0,True,2.0,,True,False,2.0,0.15384615384615385,True,
FAC_T02,CH1,treatment,CH,2024-06,surgery,7.0,True,,,False,True,0.0,0.0,True,
FAC_T02,CH1,treatment,CH,2024-07,internal_medicine,26.0,True,2.0,1.0,True,False,3.0,0.11538461538461539,True,
FAC_T02,CH1,treatment,CH,2024-07,obgyn,60.0,True,,,False,True,0.0,0.0,True,
FAC_T02,CH1,treatment,CH,2024-07,pediatrics,13.0,True,1.0,,True,False,1.0,0.07692307692307693,True,
FAC_T02,CH1,treatment,CH,2024-07,surgery,7.0,True,,,False,True,0.0,0.0,True,
FAC_T02,CH1,treatment,CH,2024-08,internal_medicine,26.0,True,,,False,True,0.0,0.0,True,
FAC_T02,CH1,treatment,CH,2024-08,obgyn,60.0,True,,,False,True,0.0,0.0,True,
FAC_T02,CH1,treatment,CH,2024-08,pediatrics,13.0,True,,,False,True,0.0,0.0,True,
FAC_T02,CH1,treatment,CH,2024-08,surgery,7.0,True,,,False,True,0.0,0.0,True,
FAC_T02,CH1,treatment,CH,2024-09,internal_medicine,26.0,True,,,False,True,0.0,0.0,True,
FAC_T02,CH1,treatment,CH,2024-09,obgyn,60.0,True,1.0,,True,False,1.0,0.016666666666666666,True,
FAC_T02,CH1,treatment,CH,2024-09,pediatrics,13.0,True,1.0,,True,False,1.0,0.07692307692307693,True,
FAC_T02,CH1,treatment,CH,2024-09,surgery,5.0,True,,,False,True,0.0,0.0,True,
FAC_T02,CH1,treatment,CH,2024-10,internal_medicine,26.0,True,1.0,,True,False,1.0,0.038461538461538464,True,
FAC_T02,CH1,treatment,CH,2024-10,obgyn,60.0,True,,,False,True,0.0,0.0,True,
FAC_T02,CH1,treatment,CH,2024-10,pediatrics,13.0,True,,1.0,True,False,1.0,0.07692307692307693,True,
FAC_T02,CH1,treatment,CH,2024-10,surgery,4.0,True,,,False,True,0.0,0.0,False,admissions_below_5
FAC_T02,CH1,treatment,CH,2024-11,internal_medicine,26.0,True,,,False,True,0.0,0.0,True,
FAC_T02,CH1,treatment,CH,2024-11,obgyn,60.0,True,,,False,True,0.0,0.0,True,
FAC_T02,CH1,treatment,CH,2024-11,pediatrics,13.0,True,1.0,,True,False,1.0,0.07692307692307693,True,
FAC_T02,CH1,treatment,CH,2024-11,surgery,7.0,True,,,False,True,0.0,0.0,True,
FAC_T02,CH1,treatment,CH,2024-12,internal_medicine,24.0,True,,1.0,True,False,1.0,0.041666666666666664,True,
FAC_T02,CH1,treatment,CH,2024-12,obgyn,60.0,True,,,False,True,0.0,0.0,True,
FAC_T02,CH1,treatment,CH,2024-12,pediatrics,13.0,True,,1.0,True,False,1.0,0.07692307692307693,True,
FAC_T02,CH1,treatment,CH,2024-12,surgery,7.0,True,,,False,True,0.0,0.0,True,
FAC_T02,CH1,treatment,CH,2025-01,internal_medicine,35.0,True,,1.0,True,False,1.0,0.02857142857142857,True,
FAC_T02,CH1,treatment,CH,2025-01,obgyn,330.0,True,,,False,True,0.0,0.0,True,
FAC_T02,CH1,treatment,CH,2025-01,pediatrics,37.0,True,,,False,True,0.0,0.0,True,
FAC_T02,CH1,treatment,CH,2025-01,surgery,12.0,True,,,False,True,0.0,0.0,True,
FAC_T02,CH1,treatment,CH,2025-02,internal_medicine,37.0,True,,,False,True,0.0,0.0,True,
FAC_T02,CH1,treatment,CH,2025-02,obgyn,24.0,True,1.0,,True,False,1.0,0.041666666666666664,True,
FAC_T02,CH1,treatment,CH,2025-02,pediatrics,44.0,True,1.0,,True,False,1.0,0.022727272727272728,True,
FAC_T02,CH1,treatment,CH,2025-02,surgery,,False,,,False,True,0.0,,False,missing_admissions
FAC_T02,CH1,treatment,CH,2025-03,internal_medicine,36.0,True,1.0,,True,False,1.0,0.027777777777777776,True,
FAC_T02,CH1,treatment,CH,2025-03,obgyn,302.0,True,,,False,True,0.0,0.0,True,
FAC_T02,CH1,treatment,CH,2025-03,pediatrics,52.0,True,,,False,True,0.0,0.0,True,
FAC_T02,CH1,treatment,CH,2025-03,surgery,14.0,True,,,False,True,0.0,0.0,True,
FAC_T02,CH1,treatment,CH,2025-04,internal_medicine,46.0,True,,,False,True,0.0,0.0,True,
FAC_T02,CH1,treatment,CH,2025-04,obgyn,337.0,True,,,False,True,0.0,0.0,True,
FAC_T02,CH1,treatment,CH,2025-04,pediatrics,51.0,True,,,False,True,0.0,0.0,True,
FAC_T02,CH1,treatment,CH,2025-04,surgery,14.0,True,,,False,True,0.0,0.0,True,
FAC_T02,CH1,treatment,CH,2025-05,internal_medicine,43.0,True,,1.0,True,False,1.0,0.023255813953488372,True,
FAC_T02,CH1,treatment,CH,2025-05,obgyn,308.0,True,,,False,True,0.0,0.0,True,
FAC_T02,CH1,treatment,CH,2025-05,pediatrics,46.0,True,1.0,,True,False,1.0,0.021739130434782608,True,
FAC_T02,CH1,treatment,CH,2025-05,surgery,10.0,True,,,False,True,0.0,0.0,True,
FAC_T02,CH1,treatment,CH,2025-06,internal_medicine,44.0,True,1.0,1.0,True,False,2.0,0.045454545454545456,True,
FAC_T02,CH1,treatment,CH,2025-06,obgyn,330.0,True,,,False,True,0.0,0.0,True,
FAC_T02,CH1,treatment,CH,2025-06,pediatrics,52.0,True,,,False,True,0.0,0.0,True,
FAC_T02,CH1,treatment,CH,2025-06,surgery,15.0,True,,,False,True,0.0,0.0,True,
FAC_T02,CH1,treatment,CH,2025-07,internal_medicine,37.0,True,,1.0,True,False,1.0,0.02702702702702703,True,
FAC_T02,CH1,treatment,CH,2025-07,obgyn,60.0,True,,,False,True,0.0,0.0,True,
FAC_T02,CH1,treatment,CH,2025-07,pediatrics,14.0,True,,,False,True,0.0,0.0,True,
FAC_T02,CH1,treatment,CH,2025-07,surgery,6.0,True,,,False,True,0.0,0.0,True,
FAC_T02,CH1,treatment,CH,2025-08,internal_medicine,26.0,True,,,False,True,0.0,0.0,True,
FAC_T02,CH1,treatment,CH,2025-08,obgyn,71.0,True,,,False,True,0.0,0.0,True,
FAC_T02,CH1,treatment,CH,2025-08,pediatrics,17.0,True,,,False,True,0.0,0.0,True,
FAC_T02,CH1,treatment,CH,2025-08,surgery,15.0,True,1.0,,True,False,1.0,0.06666666666666667,True,
FAC_T02,CH1,treatment,CH,2025-09,internal_medicine,26.0,True,1.0,,True,False,1.0,0.038461538461538464,True,
FAC_T02,CH1,treatment,CH,2025-09,obgyn,75.0,True,,,False,True,0.0,0.0,True,
FAC_T02,CH1,treatment,CH,2025-09,pediatrics,14.0,True,,1.0,True,False,1.0,0.07142857142857142,True,
FAC_T02,CH1,treatment,CH,2025-09,surgery,9.0,True,,,False,True,0.0,0.0,True,
FAC_T02,CH1,treatment,CH,2025-10,internal_medicine,24.0,True,1.0,,True,False,1.0,0.041666666666666664,True,
FAC_T02,CH1,treatment,CH,2025-10,obgyn,68.0,True,,,False,True,0.0,0.0,True,
FAC_T02,CH1,treatment,CH,2025-10,pediatrics,22.0,True,,,False,True,0.0,0.0,True,
FAC_T02,CH1,treatment,CH,2025-10,surgery,5.0,True,,,False,True,0.0,0.0,True,
FAC_T02,CH1,treatment,CH,2025-11,internal_medicine,39.0,True,2.0,,True,False,2.0,0.05128205128205128,True,
FAC_T02,CH1,treatment,CH,2025-11,obgyn,64.0,True,,,False,True,0.0,0.0,True,
FAC_T02,CH1,treatment,CH,2025-11,pediatrics,18.0,True,,,False,True,0.0,0.0,True,
FAC_T02,CH1,treatment,CH,2025-11,surgery,7.0,True,,,False,True,0.0,0.0,True,
FAC_T02,CH1,treatment,CH,2025-12,internal_medicine,32.0,True,,,False,True,0.0,0.0,True,
FAC_T02,CH1,treatment,CH,2025-12,obgyn,70.0,True,,,False,True,0.0,0.0,True,
FAC_T02,CH1,treatment,CH,2025-12,pediatrics,19.0,True,1.0,,True,False,1.0,0.05263157894736842,True,
FAC_T02,CH1,treatment,CH,2025-12,surgery,13.0,True,,,False,True,0.0,0.0,True,
FAC_T03,CSR1,treatment,CSR,2023-01,internal_medicine,51.0,True,1.0,,True,False,1.0,0.0196078431372549,True,
FAC_T03,CSR1,treatment,CSR,2023-01,obgyn,44.0,True,,,False,True,0.0,0.0,True,
FAC_T03,CSR1,treatment,CSR,2023-01,pediatrics,31.0,True,,,False,True,0.0,0.0,True,
FAC_T03,CSR1,treatment,CSR,2023-01,surgery,20.0,True,,,False,True,0.0,0.0,True,
FAC_T03,CSR1,treatment,CSR,2023-02,internal_medicine,56.0,True,1.0,1.0,True,False,2.0,0.03571428571428571,True,
FAC_T03,CSR1,treatment,CSR,2023-02,obgyn,43.0,True,,,False,True,0.0,0.0,True,
FAC_T03,CSR1,treatment,CSR,2023-02,pediatrics,31.0,True,,1.0,True,False,1.0,0.03225806451612903,True,
FAC_T03,CSR1,treatment,CSR,2023-02,surgery,20.0,True,,,False,True,0.0,0.0,True,
FAC_T03,CSR1,treatment,CSR,2023-03,internal_medicine,50.0,True,2.0,,True,False,2.0,0.04,True,
FAC_T03,CSR1,treatment,CSR,2023-03,obgyn,49.0,True,,,False,True,0.0,0.0,True,
FAC_T03,CSR1,treatment,CSR,2023-03,pediatrics,31.0,True,,1.0,True,False,1.0,0.03225806451612903,True,
FAC_T03,CSR1,treatment,CSR,2023-03,surgery,20.0,True,,,False,True,0.0,0.0,True,
FAC_T03,CSR1,treatment,CSR,2023-04,internal_medicine,37.0,True,,,False,True,0.0,0.0,True,
FAC_T03,CSR1,treatment,CSR,2023-04,obgyn,76.0,True,,,False,True,0.0,0.0,True,
FAC_T03,CSR1,treatment,CSR,2023-04,pediatrics,31.0,True,,,False,True,0.0,0.0,True,
FAC_T03,CSR1,treatment,CSR,2023-04,surgery,20.0,True,,,False,True,0.0,0.0,True,
FAC_T03,CSR1,treatment,CSR,2023-05,internal_medicine,27.0,True,,1.0,True,False,1.0,0.037037037037037035,True,
FAC_T03,CSR1,treatment,CSR,2023-05,obgyn,28.0,True,,,False,True,0.0,0.0,True,
FAC_T03,CSR1,treatment,CSR,2023-05,pediatrics,30.0,True,,,False,True,0.0,0.0,True,
FAC_T03,CSR1,treatment,CSR,2023-05,surgery,20.0,True,,,False,True,0.0,0.0,True,
FAC_T03,CSR1,treatment,CSR,2023-06,internal_medicine,21.0,True,,,False,True,0.0,0.0,True,
FAC_T03,CSR1,treatment,CSR,2023-06,obgyn,10.0,True,,,False,True,0.0,0.0,True,
FAC_T03,CSR1,treatment,CSR,2023-06,pediatrics,24.0,True,,,False,True,0.0,0.0,True,
FAC_T03,CSR1,treatment,CSR,2023-06,surgery,16.0,True,,,False,True,0.0,0.0,True,
FAC_T03,CSR1,treatment,CSR,2023-07,internal_medicine,28.0,True,1.0,2.0,True,False,3.0,0.10714285714285714,True,
FAC_T03,CSR1,treatment,CSR,2023-07,obgyn,25.0,True,,,False,True,0.0,0.0,True,
FAC_T03,CSR1,treatment,CSR,2023-07,pediatrics,11.0,True,,,False,True,0.0,0.0,True,
FAC_T03,CSR1,treatment,CSR,2023-07,surgery,14.0,True,,,False,True,0.0,0.0,True,
FAC_T03,CSR1,treatment,CSR,2023-08,internal_medicine,35.0,True,2.0,1.0,True,False,3.0,0.08571428571428572,True,
FAC_T03,CSR1,treatment,CSR,2023-08,obgyn,7.0,True,,,False,True,0.0,0.0,True,
FAC_T03,CSR1,treatment,CSR,2023-08,pediatrics,15.0,True,,,False,True,0.0,0.0,True,
FAC_T03,CSR1,treatment,CSR,2023-08,surgery,10.0,True,,,False,True,0.0,0.0,True,
FAC_T03,CSR1,treatment,CSR,2023-09,internal_medicine,20.0,True,,,False,True,0.0,0.0,True,
FAC_T03,CSR1,treatment,CSR,2023-09,obgyn,7.0,True,,,False,True,0.0,0.0,True,
FAC_T03,CSR1,treatment,CSR,2023-09,pediatrics,17.0,True,2.0,,True,False,2.0,0.11764705882352941,True,
FAC_T03,CSR1,treatment,CSR,2023-09,surgery,4.0,True,,,False,True,0.0,0.0,False,admissions_below_5
FAC_T03,CSR1,treatment,CSR,2023-10,internal_medicine,32.0,True,2.0,,True,False,2.0,0.0625,True,
FAC_T03,CSR1,treatment,CSR,2023-10,obgyn,17.0,True,,,False,True,0.0,0.0,True,
FAC_T03,CSR1,treatment,CSR,2023-10,pediatrics,20.0,True,1.0,,True,False,1.0,0.05,True,
FAC_T03,CSR1,treatment,CSR,2023-10,surgery,5.0,True,,,False,True,0.0,0.0,True,
FAC_T03,CSR1,treatment,CSR,2023-11,internal_medicine,28.0,True,,2.0,True,False,2.0,0.07142857142857142,True,
FAC_T03,CSR1,treatment,CSR,2023-11,obgyn,13.0,True,,,False,True,0.0,0.0,True,
FAC_T03,CSR1,treatment,CSR,2023-11,pediatrics,21.0,True,,,False,True,0.0,0.0,True,
FAC_T03,CSR1,treatment,CSR,2023-11,surgery,3.0,True,,,False,True,0.0,0.0,False,admissions_below_5
FAC_T03,CSR1,treatment,CSR,2023-12,internal_medicine,28.0,True,,,False,True,0.0,0.0,True,
FAC_T03,CSR1,treatment,CSR,2023-12,obgyn,5.0,True,,,False,True,0.0,0.0,True,
FAC_T03,CSR1,treatment,CSR,2023-12,pediatrics,14.0,True,1.0,,True,False,1.0,0.07142857142857142,True,
FAC_T03,CSR1,treatment,CSR,2023-12,surgery,3.0,True,,,False,True,0.0,0.0,False,admissions_below_5
FAC_T03,CSR1,treatment,CSR,2024-01,internal_medicine,31.0,True,,,False,True,0.0,0.0,True,
FAC_T03,CSR1,treatment,CSR,2024-01,obgyn,14.0,True,,,False,True,0.0,0.0,True,
FAC_T03,CSR1,treatment,CSR,2024-01,pediatrics,13.0,True,,,False,True,0.0,0.0,True,
FAC_T03,CSR1,treatment,CSR,2024-01,surgery,6.0,True,,,False,True,0.0,0.0,True,
FAC_T03,CSR1,treatment,CSR,2024-02,internal_medicine,21.0,True,,,False,True,0.0,0.0,True,
FAC_T03,CSR1,treatment,CSR,2024-02,obgyn,7.0,True,,,False,True,0.0,0.0,True,
FAC_T03,CSR1,treatment,CSR,2024-02,pediatrics,13.0,True,1.0,,True,False,1.0,0.07692307692307693,True,
FAC_T03,CSR1,treatment,CSR,2024-02,surgery,4.0,True,,,False,True,0.0,0.0,False,admissions_below_5
FAC_T03,CSR1,treatment,CSR,2024-03,internal_medicine,26.0,True,,,False,True,0.0,0.0,True,
FAC_T03,CSR1,treatment,CSR,2024-03,obgyn,9.0,True,,,False,True,0.0,0.0,True,
FAC_T03,CSR1,treatment,CSR,2024-03,pediatrics,11.0,True,,,False,True,0.0,0.0,True,
FAC_T03,CSR1,treatment,CSR,2024-03,surgery,3.0,True,,,False,True,0.0,0.0,False,admissions_below_5
FAC_T03,CSR1,treatment,CSR,2024-04,internal_medicine,37.0,True,1.0,1.0,True,False,2.0,0.05405405405405406,True,
FAC_T03,CSR1,treatment,CSR,2024-04,obgyn,10.0,True,,,False,True,0.0,0.0,True,
FAC_T03,CSR1,treatment,CSR,2024-04,pediatrics,18.0,True,1.0,,True,False,1.0,0.05555555555555555,True,
FAC_T03,CSR1,treatment,CSR,2024-04,surgery,3.0,True,,,False,True,0.0,0.0,False,admissions_below_5
FAC_T03,CSR1,treatment,CSR,2024-05,internal_medicine,37.0,True,3.0,1.0,True,False,4.0,0.10810810810810811,True,
FAC_T03,CSR1,treatment,CSR,2024-05,obgyn,27.0,True,,,False,True,0.0,0.0,True,
FAC_T03,CSR1,treatment,CSR,2024-05,pediatrics,28.0,True,,2.0,True,False,2.0,0.07142857142857142,True,
FAC_T03,CSR1,treatment,CSR,2024-05,surgery,3.0,True,,,False,True,0.0,0.0,False,admissions_below_5
FAC_T03,CSR1,treatment,CSR,2024-06,internal_medicine,30.0,True,2.0,2.0,True,False,4.0,0.13333333333333333,True,
FAC_T03,CSR1,treatment,CSR,2024-06,obgyn,39.0,True,,,False,True,0.0,0.0,True,
FAC_T03,CSR1,treatment,CSR,2024-06,pediatrics,31.0,True,2.0,,True,False,2.0,0.06451612903225806,True,
FAC_T03,CSR1,treatment,CSR,2024-06,surgery,3.0,True,,,False,True,0.0,0.0,False,admissions_below_5
FAC_T03,CSR1,treatment,CSR,2024-07,internal_medicine,36.0,True,1.0,,True,False,1.0,0.027777777777777776,True,
FAC_T03,CSR1,treatment,CSR,2024-07,obgyn,69.0,True,,,False,True,0.0,0.0,True,
FAC_T03,CSR1,treatment,CSR,2024-07,pediatrics,31.0,True,,,False,True,0.0,0.0,True,
FAC_T03,CSR1,treatment,CSR,2024-07,surgery,15.0,True,,,False,True,0.0,0.0,True,
FAC_T03,CSR1,treatment,CSR,2024-08,internal_medicine,,False,,,False,True,0.0,,False,missing_admissions
FAC_T03,CSR1,treatment,CSR,2024-08,obgyn,,False,,,False,True,0.0,,False,missing_admissions
FAC_T03,CSR1,treatment,CSR,2024-08,pediatrics,,False,,,False,True,0.0,,False,missing_admissions
FAC_T03,CSR1,treatment,CSR,2024-08,surgery,,False,,,False,True,0.0,,False,missing_admissions
FAC_T03,CSR1,treatment,CSR,2024-09,internal_medicine,44.0,True,2.0,,True,False,2.0,0.045454545454545456,True,
FAC_T03,CSR1,treatment,CSR,2024-09,obgyn,77.0,True,,,False,True,0.0,0.0,True,
FAC_T03,CSR1,treatment,CSR,2024-09,pediatrics,12.0,True,,1.0,True,False,1.0,0.08333333333333333,True,
FAC_T03,CSR1,treatment,CSR,2024-09,surgery,11.0,True,,,False,True,0.0,0.0,True,
FAC_T03,CSR1,treatment,CSR,2024-10,internal_medicine,45.0,True,2.0,1.0,True,False,3.0,0.06666666666666667,True,
FAC_T03,CSR1,treatment,CSR,2024-10,obgyn,101.0,True,,,False,True,0.0,0.0,True,
FAC_T03,CSR1,treatment,CSR,2024-10,pediatrics,31.0,True,,,False,True,0.0,0.0,True,
FAC_T03,CSR1,treatment,CSR,2024-10,surgery,13.0,True,,,False,True,0.0,0.0,True,
FAC_T03,CSR1,treatment,CSR,2024-11,internal_medicine,58.0,True,5.0,,True,False,5.0,0.08620689655172414,True,
FAC_T03,CSR1,treatment,CSR,2024-11,obgyn,80.0,True,,,False,True,0.0,0.0,True,
FAC_T03,CSR1,treatment,CSR,2024-11,pediatrics,31.0,True,1.0,,True,False,1.0,0.03225806451612903,True,
FAC_T03,CSR1,treatment,CSR,2024-11,surgery,6.0,True,,,False,True,0.0,0.0,True,
FAC_T03,CSR1,treatment,CSR,2024-12,internal_medicine,42.0,True,,1.0,True,False,1.0,0.023809523809523808,True,
FAC_T03,CSR1,treatment,CSR,2024-12,obgyn,47.0,True,,,False,True,0.0,0.0,True,
FAC_T03,CSR1,treatment,CSR,2024-12,pediatrics,31.0,True,,,False,True,0.0,0.0,True,
FAC_T03,CSR1,treatment,CSR,2024-12,surgery,14.0,True,,,False,True,0.0,0.0,True,
FAC_T03,CSR1,treatment,CSR,2025-01,internal_medicine,,False,,,False,True,0.0,,False,missing_admissions
FAC_T03,CSR1,treatment,CSR,2025-01,obgyn,,False,,,False,True,0.0,,False,missing_admissions
FAC_T03,CSR1,treatment,CSR,2025-01,pediatrics,,False,,,False,True,0.0,,False,missing_admissions
FAC_T03,CSR1,treatment,CSR,2025-01,surgery,,False,,,False,True,0.0,,False,missing_admissions
FAC_T03,CSR1,treatment,CSR,2025-02,internal_medicine,,False,,,False,True,0.0,,False,missing_admissions
FAC_T03,CSR1,treatment,CSR,2025-02,obgyn,,False,,,False,True,0.0,,False,missing_admissions
FAC_T03,CSR1,treatment,CSR,2025-02,pediatrics,,False,,,False,True,0.0,,False,missing_admissions
FAC_T03,CSR1,treatment,CSR,2025-02,surgery,,False,,,False,True,0.0,,False,missing_admissions
FAC_T03,CSR1,treatment,CSR,2025-03,internal_medicine,15.0,True,,,False,True,0.0,0.0,True,
FAC_T03,CSR1,treatment,CSR,2025-03,obgyn,28.0,True,,,False,True,0.0,0.0,True,
FAC_T03,CSR1,treatment,CSR,2025-03,pediatrics,38.0,True,1.0,,True,False,1.0,0.02631578947368421,True,
FAC_T03,CSR1,treatment,CSR,2025-03,surgery,1.0,True,,,False,True,0.0,0.0,False,admissions_below_5
FAC_T03,CSR1,treatment,CSR,2025-04,internal_medicine,29.0,True,1.0,,True,False,1.0,0.034482758620689655,True,
FAC_T03,CSR1,treatment,CSR,2025-04,obgyn,73.0,True,,,False,True,0.0,0.0,True,
FAC_T03,CSR1,treatment,CSR,2025-04,pediatrics,74.0,True,1.0,1.0,True,False,2.0,0.02702702702702703,True,
FAC_T03,CSR1,treatment,CSR,2025-04,surgery,3.0,True,,,False,True,0.0,0.0,False,admissions_below_5
FAC_T03,CSR1,treatment,CSR,2025-05,internal_medicine,36.0,True,2.0,,True,False,2.0,0.05555555555555555,True,
FAC_T03,CSR1,treatment,CSR,2025-05,obgyn,82.0,True,,,False,True,0.0,0.0,True,
FAC_T03,CSR1,treatment,CSR,2025-05,pediatrics,82.0,True,1.0,,True,False,1.0,0.012195121951219513,True,
FAC_T03,CSR1,treatment,CSR,2025-05,surgery,4.0,True,,,False,True,0.0,0.0,False,admissions_below_5
FAC_T03,CSR1,treatment,CSR,2025-06,internal_medicine,45.0,True,2.0,1.0,True,False,3.0,0.06666666666666667,True,
FAC_T03,CSR1,treatment,CSR,2025-06,obgyn,68.0,True,,,False,True,0.0,0.0,True,
FAC_T03,CSR1,treatment,CSR,2025-06,pediatrics,86.0,True,,,False,True,0.0,0.0,True,
FAC_T03,CSR1,treatment,CSR,2025-06,surgery,4.0,True,,,False,True,0.0,0.0,False,admissions_below_5
FAC_T03,CSR1,treatment,CSR,2025-07,internal_medicine,27.0,True,1.0,,True,False,1.0,0.037037037037037035,True,
FAC_T03,CSR1,treatment,CSR,2025-07,obgyn,48.0,True,,,False,True,0.0,0.0,True,
FAC_T03,CSR1,treatment,CSR,2025-07,pediatrics,66.0,True,,,False,True,0.0,0.0,True,
FAC_T03,CSR1,treatment,CSR,2025-07,surgery,5.0,True,,,False,True,0.0,0.0,True,
FAC_T03,CSR1,treatment,CSR,2025-08,internal_medicine,24.0,True,2.0,,True,False,2.0,0.08333333333333333,True,
FAC_T03,CSR1,treatment,CSR,2025-08,obgyn,30.0,True,,,False,True,0.0,0.0,True,
FAC_T03,CSR1,treatment,CSR,2025-08,pediatrics,55.0,True,,,False,True,0.0,0.0,True,
FAC_T03,CSR1,treatment,CSR,2025-08,surgery,4.0,True,,,False,True,0.0,0.0,False,admissions_below_5
FAC_T03,CSR1,treatment,CSR,2025-09,internal_medicine,36.0,True,2.0,,True,False,2.0,0.05555555555555555,True,
FAC_T03,CSR1,treatment,CSR,2025-09,obgyn,23.0,True,,,False,True,0.0,0.0,True,
FAC_T03,CSR1,treatment,CSR,2025-09,pediatrics,22.0,True,1.0,,True,False,1.0,0.045454545454545456,True,
FAC_T03,CSR1,treatment,CSR,2025-09,surgery,13.0,True,,,False,True,0.0,0.0,True,
FAC_T03,CSR1,treatment,CSR,2025-10,internal_medicine,36.0,True,,1.0,True,False,1.0,0.027777777777777776,True,
FAC_T03,CSR1,treatment,CSR,2025-10,obgyn,12.0,True,,,False,True,0.0,0.0,True,
FAC_T03,CSR1,treatment,CSR,2025-10,pediatrics,15.0,True,,,False,True,0.0,0.0,True,
FAC_T03,CSR1,treatment,CSR,2025-10,surgery,4.0,True,,,False,True,0.0,0.0,False,admissions_below_5
FAC_T03,CSR1,treatment,CSR,2025-11,internal_medicine,35.0,True,3.0,,True,False,3.0,0.08571428571428572,True,
FAC_T03,CSR1,treatment,CSR,2025-11,obgyn,15.0,True,,,False,True,0.0,0.0,True,
FAC_T03,CSR1,treatment,CSR,2025-11,pediatrics,17.0,True,2.0,,True,False,2.0,0.11764705882352941,True,
FAC_T03,CSR1,treatment,CSR,2025-11,surgery,8.0,True,,,False,True,0.0,0.0,True,
FAC_T03,CSR1,treatment,CSR,2025-12,internal_medicine,35.0,True,1.0,,True,False,1.0,0.02857142857142857,True,
FAC_T03,CSR1,treatment,CSR,2025-12,obgyn,15.0,True,,,False,True,0.0,0.0,True,
FAC_T03,CSR1,treatment,CSR,2025-12,pediatrics,10.0,True,1.0,,True,False,1.0,0.1,True,
FAC_T03,CSR1,treatment,CSR,2025-12,surgery,5.0,True,,,False,True,0.0,0.0,True,
FAC_T04,CSR2,treatment,CSR,2023-01,internal_medicine,168.0,True,,2.0,True,False,2.0,0.011904761904761904,True,
FAC_T04,CSR2,treatment,CSR,2023-01,obgyn,139.0,True,,,False,True,0.0,0.0,True,
FAC_T04,CSR2,treatment,CSR,2023-01,pediatrics,91.0,True,,,False,True,0.0,0.0,True,
FAC_T04,CSR2,treatment,CSR,2023-01,surgery,34.0,True,,,False,True,0.0,0.0,True,
FAC_T04,CSR2,treatment,CSR,2023-02,internal_medicine,113.0,True,,1.0,True,False,1.0,0.008849557522123894,True,
FAC_T04,CSR2,treatment,CSR,2023-02,obgyn,95.0,True,,,False,True,0.0,0.0,True,
FAC_T04,CSR2,treatment,CSR,2023-02,pediatrics,69.0,True,,1.0,True,False,1.0,0.014492753623188406,True,
FAC_T04,CSR2,treatment,CSR,2023-02,surgery,40.0,True,,,False,True,0.0,0.0,True,
FAC_T04,CSR2,treatment,CSR,2023-03,internal_medicine,,False,,,False,True,0.0,,False,missing_admissions
FAC_T04,CSR2,treatment,CSR,2023-03,obgyn,,False,,,False,True,0.0,,False,missing_admissions
FAC_T04,CSR2,treatment,CSR,2023-03,pediatrics,,False,,,False,True,0.0,,False,missing_admissions
FAC_T04,CSR2,treatment,CSR,2023-03,surgery,,False,,,False,True,0.0,,False,missing_admissions
FAC_T04,CSR2,treatment,CSR,2023-04,internal_medicine,103.0,True,,1.0,True,False,1.0,0.009708737864077669,True,
FAC_T04,CSR2,treatment,CSR,2023-04,obgyn,147.0,True,,,False,True,0.0,0.0,True,
FAC_T04,CSR2,treatment,CSR,2023-04,pediatrics,110.0,True,,,False,True,0.0,0.0,True,
FAC_T04,CSR2,treatment,CSR,2023-04,surgery,27.0,True,,,False,True,0.0,0.0,True,
FAC_T04,CSR2,treatment,CSR,2023-05,internal_medicine,129.0,True,,1.0,True,False,1.0,0.007751937984496124,True,
FAC_T04,CSR2,treatment,CSR,2023-05,obgyn,152.0,True,,,False,True,0.0,0.0,True,
FAC_T04,CSR2,treatment,CSR,2023-05,pediatrics,156.0,True,,,False,True,0.0,0.0,True,
FAC_T04,CSR2,treatment,CSR,2023-05,surgery,30.0,True,,,False,True,0.0,0.0,True,
FAC_T04,CSR2,treatment,CSR,2023-06,internal_medicine,106.0,True,,2.0,True,False,2.0,0.018867924528301886,True,
FAC_T04,CSR2,treatment,CSR,2023-06,obgyn,155.0,True,,,False,True,0.0,0.0,True,
FAC_T04,CSR2,treatment,CSR,2023-06,pediatrics,60.0,True,,,False,True,0.0,0.0,True,
FAC_T04,CSR2,treatment,CSR,2023-06,surgery,46.0,True,,,False,True,0.0,0.0,True,
FAC_T04,CSR2,treatment,CSR,2023-07,internal_medicine,70.0,True,,,False,True,0.0,0.0,True,
FAC_T04,CSR2,treatment,CSR,2023-07,obgyn,112.0,True,,,False,True,0.0,0.0,True,
FAC_T04,CSR2,treatment,CSR,2023-07,pediatrics,44.0,True,,,False,True,0.0,0.0,True,
FAC_T04,CSR2,treatment,CSR,2023-07,surgery,38.0,True,,,False,True,0.0,0.0,True,
FAC_T04,CSR2,treatment,CSR,2023-08,internal_medicine,54.0,True,,,False,True,0.0,0.0,True,
FAC_T04,CSR2,treatment,CSR,2023-08,obgyn,104.0,True,,,False,True,0.0,0.0,True,
FAC_T04,CSR2,treatment,CSR,2023-08,pediatrics,34.0,True,,,False,True,0.0,0.0,True,
FAC_T04,CSR2,treatment,CSR,2023-08,surgery,32.0,True,1.0,,True,False,1.0,0.03125,True,
FAC_T04,CSR2,treatment,CSR,2023-09,internal_medicine,31.0,True,,1.0,True,False,1.0,0.03225806451612903,True,
FAC_T04,CSR2,treatment,CSR,2023-09,obgyn,134.0,True,,,False,True,0.0,0.0,True,
FAC_T04,CSR2,treatment,CSR,2023-09,pediatrics,52.0,True,,,False,True,0.0,0.0,True,
FAC_T04,CSR2,treatment,CSR,2023-09,surgery,44.0,True,,,False,True,0.0,0.0,True,
FAC_T04,CSR2,treatment,CSR,2023-10,internal_medicine,42.0,True,1.0,1.0,True,False,2.0,0.047619047619047616,True,
FAC_T04,CSR2,treatment,CSR,2023-10,obgyn,105.0,True,,,False,True,0.0,0.0,True,
FAC_T04,CSR2,treatment,CSR,2023-10,pediatrics,41.0,True,,,False,True,0.0,0.0,True,
FAC_T04,CSR2,treatment,CSR,2023-10,surgery,30.0,True,,,False,True,0.0,0.0,True,
FAC_T04,CSR2,treatment,CSR,2023-11,internal_medicine,64.0,True,,,False,True,0.0,0.0,True,
FAC_T04,CSR2,treatment,CSR,2023-11,obgyn,117.0,True,,,False,True,0.0,0.0,True,
FAC_T04,CSR2,treatment,CSR,2023-11,pediatrics,56.0,True,,,False,True,0.0,0.0,True,
FAC_T04,CSR2,treatment,CSR,2023-11,surgery,26.0,True,,,False,True,0.0,0.0,True,
FAC_T04,CSR2,treatment,CSR,2023-12,internal_medicine,64.0,True,,,False,True,0.0,0.0,True,
FAC_T04,CSR2,treatment,CSR,2023-12,obgyn,117.0,True,,,False,True,0.0,0.0,True,
FAC_T04,CSR2,treatment,CSR,2023-12,pediatrics,56.0,True,,,False,True,0.0,0.0,True,
FAC_T04,CSR2,treatment,CSR,2023-12,surgery,26.0,True,,,False,True,0.0,0.0,True,
FAC_T04,CSR2,treatment,CSR,2024-01,internal_medicine,87.0,True,,,False,True,0.0,0.0,True,
FAC_T04,CSR2,treatment,CSR,2024-01,obgyn,106.0,True,,,False,True,0.0,0.0,True,
FAC_T04,CSR2,treatment,CSR,2024-01,pediatrics,65.0,True,,,False,True,0.0,0.0,True,
FAC_T04,CSR2,treatment,CSR,2024-01,surgery,22.0,True,,,False,True,0.0,0.0,True,
FAC_T04,CSR2,treatment,CSR,2024-02,internal_medicine,58.0,True,,,False,True,0.0,0.0,True,
FAC_T04,CSR2,treatment,CSR,2024-02,obgyn,104.0,True,,,False,True,0.0,0.0,True,
FAC_T04,CSR2,treatment,CSR,2024-02,pediatrics,38.0,True,,,False,True,0.0,0.0,True,
FAC_T04,CSR2,treatment,CSR,2024-02,surgery,38.0,True,,,False,True,0.0,0.0,True,
FAC_T04,CSR2,treatment,CSR,2024-03,internal_medicine,145.0,True,,2.0,True,False,2.0,0.013793103448275862,True,
FAC_T04,CSR2,treatment,CSR,2024-03,obgyn,137.0,True,,,False,True,0.0,0.0,True,
FAC_T04,CSR2,treatment,CSR,2024-03,pediatrics,91.0,True,,1.0,True,False,1.0,0.01098901098901099,True,
FAC_T04,CSR2,treatment,CSR,2024-03,surgery,56.0,True,,,False,True,0.0,0.0,True,
FAC_T04,CSR2,treatment,CSR,2024-04,internal_medicine,130.0,True,,2.0,True,False,2.0,0.015384615384615385,True,
FAC_T04,CSR2,treatment,CSR,2024-04,obgyn,226.0,True,,,False,True,0.0,0.0,True,
FAC_T04,CSR2,treatment,CSR,2024-04,pediatrics,136.0,True,,1.0,True,False,1.0,0.007352941176470588,True,
FAC_T04,CSR2,treatment,CSR,2024-04,surgery,49.0,True,,,False,True,0.0,0.0,True,
FAC_T04,CSR2,treatment,CSR,2024-05,internal_medicine,245.0,True,,2.0,True,False,2.0,0.00816326530612245,True,
FAC_T04,CSR2,treatment,CSR,2024-05,obgyn,201.0,True,,,False,True,0.0,0.0,True,
FAC_T04,CSR2,treatment,CSR,2024-05,pediatrics,294.0,True,,2.0,True,False,2.0,0.006802721088435374,True,
FAC_T04,CSR2,treatment,CSR,2024-05,surgery,54.0,True,,,False,True,0.0,0.0,True,
FAC_T04,CSR2,treatment,CSR,2024-06,internal_medicine,89.0,True,,,False,True,0.0,0.0,True,
FAC_T04,CSR2,treatment,CSR,2024-06,obgyn,61.0,True,,,False,True,0.0,0.0,True,
FAC_T04,CSR2,treatment,CSR,2024-06,pediatrics,85.0,True,,,False,True,0.0,0.0,True,
FAC_T04,CSR2,treatment,CSR,2024-06,surgery,16.0,True,,,False,True,0.0,0.0,True,
FAC_T04,CSR2,treatment,CSR,2024-07,internal_medicine,113.0,True,,,False,True,0.0,0.0,True,
FAC_T04,CSR2,treatment,CSR,2024-07,obgyn,128.0,True,,,False,True,0.0,0.0,True,
FAC_T04,CSR2,treatment,CSR,2024-07,pediatrics,106.0,True,,1.0,True,False,1.0,0.009433962264150943,True,
FAC_T04,CSR2,treatment,CSR,2024-07,surgery,36.0,True,,,False,True,0.0,0.0,True,
FAC_T04,CSR2,treatment,CSR,2024-08,internal_medicine,140.0,True,,,False,True,0.0,0.0,True,
FAC_T04,CSR2,treatment,CSR,2024-08,obgyn,122.0,True,,,False,True,0.0,0.0,True,
FAC_T04,CSR2,treatment,CSR,2024-08,pediatrics,93.0,True,,,False,True,0.0,0.0,True,
FAC_T04,CSR2,treatment,CSR,2024-08,surgery,29.0,True,,,False,True,0.0,0.0,True,
FAC_T04,CSR2,treatment,CSR,2024-09,internal_medicine,117.0,True,,,False,True,0.0,0.0,True,
FAC_T04,CSR2,treatment,CSR,2024-09,obgyn,31.0,True,,,False,True,0.0,0.0,True,
FAC_T04,CSR2,treatment,CSR,2024-09,pediatrics,65.0,True,,,False,True,0.0,0.0,True,
FAC_T04,CSR2,treatment,CSR,2024-09,surgery,28.0,True,,,False,True,0.0,0.0,True,
FAC_T04,CSR2,treatment,CSR,2024-10,internal_medicine,92.0,True,,1.0,True,False,1.0,0.010869565217391304,True,
FAC_T04,CSR2,treatment,CSR,2024-10,obgyn,117.0,True,,,False,True,0.0,0.0,True,
FAC_T04,CSR2,treatment,CSR,2024-10,pediatrics,97.0,True,1.0,,True,False,1.0,0.010309278350515464,True,
FAC_T04,CSR2,treatment,CSR,2024-10,surgery,24.0,True,,,False,True,0.0,0.0,True,
FAC_T04,CSR2,treatment,CSR,2024-11,internal_medicine,93.0,True,,1.0,True,False,1.0,0.010752688172043012,True,
FAC_T04,CSR2,treatment,CSR,2024-11,obgyn,112.0,True,,,False,True,0.0,0.0,True,
FAC_T04,CSR2,treatment,CSR,2024-11,pediatrics,102.0,True,,,False,True,0.0,0.0,True,
FAC_T04,CSR2,treatment,CSR,2024-11,surgery,39.0,True,,,False,True,0.0,0.0,True,
FAC_T04,CSR2,treatment,CSR,2024-12,internal_medicine,56.0,True,,,False,True,0.0,0.0,True,
FAC_T04,CSR2,treatment,CSR,2024-12,obgyn,126.0,True,,,False,True,0.0,0.0,True,
FAC_T04,CSR2,treatment,CSR,2024-12,pediatrics,98.0,True,,,False,True,0.0,0.0,True,
FAC_T04,CSR2,treatment,CSR,2024-12,surgery,23.0,True,,,False,True,0.0,0.0,True,
FAC_T04,CSR2,treatment,CSR,2025-01,internal_medicine,135.0,True,,,False,True,0.0,0.0,True,
FAC_T04,CSR2,treatment,CSR,2025-01,obgyn,149.0,True,,,False,True,0.0,0.0,True,
FAC_T04,CSR2,treatment,CSR,2025-01,pediatrics,132.0,True,,,False,True,0.0,0.0,True,
FAC_T04,CSR2,treatment,CSR,2025-01,surgery,33.0,True,,,False,True,0.0,0.0,True,
FAC_T04,CSR2,treatment,CSR,2025-02,internal_medicine,60.0,True,,,False,True,0.0,0.0,True,
FAC_T04,CSR2,treatment,CSR,2025-02,obgyn,124.0,True,,,False,True,0.0,0.0,True,
FAC_T04,CSR2,treatment,CSR,2025-02,pediatrics,99.0,True,,,False,True,0.0,0.0,True,
FAC_T04,CSR2,treatment,CSR,2025-02,surgery,33.0,True,,,False,True,0.0,0.0,True,
FAC_T04,CSR2,treatment,CSR,2025-03,internal_medicine,48.0,True,,,False,True,0.0,0.0,True,
FAC_T04,CSR2,treatment,CSR,2025-03,obgyn,33.0,True,,,False,True,0.0,0.0,True,
FAC_T04,CSR2,treatment,CSR,2025-03,pediatrics,78.0,True,,,False,True,0.0,0.0,True,
FAC_T04,CSR2,treatment,CSR,2025-03,surgery,27.0,True,,,False,True,0.0,0.0,True,
FAC_T04,CSR2,treatment,CSR,2025-04,internal_medicine,61.0,True,,1.0,True,False,1.0,0.01639344262295082,True,
FAC_T04,CSR2,treatment,CSR,2025-04,obgyn,152.0,True,,,False,True,0.0,0.0,True,
FAC_T04,CSR2,treatment,CSR,2025-04,pediatrics,102.0,True,,,False,True,0.0,0.0,True,
FAC_T04,CSR2,treatment,CSR,2025-04,surgery,44.0,True,,,False,True,0.0,0.0,True,
FAC_T04,CSR2,treatment,CSR,2025-05,internal_medicine,87.0,True,,,False,True,0.0,0.0,True,
FAC_T04,CSR2,treatment,CSR,2025-05,obgyn,31.0,True,,,False,True,0.0,0.0,True,
FAC_T04,CSR2,treatment,CSR,2025-05,pediatrics,128.0,True,,,False,True,0.0,0.0,True,
FAC_T04,CSR2,treatment,CSR,2025-05,surgery,46.0,True,,,False,True,0.0,0.0,True,
FAC_T04,CSR2,treatment,CSR,2025-06,internal_medicine,94.0,True,,,False,True,0.0,0.0,True,
FAC_T04,CSR2,treatment,CSR,2025-06,obgyn,146.0,True,,,False,True,0.0,0.0,True,
FAC_T04,CSR2,treatment,CSR,2025-06,pediatrics,117.0,True,,,False,True,0.0,0.0,True,
FAC_T04,CSR2,treatment,CSR,2025-06,surgery,53.0,True,,,False,True,0.0,0.0,True,
FAC_T04,CSR2,treatment,CSR,2025-07,internal_medicine,69.0,True,,,False,True,0.0,0.0,True,
FAC_T04,CSR2,treatment,CSR,2025-07,obgyn,111.0,True,,,False,True,0.0,0.0,True,
FAC_T04,CSR2,treatment,CSR,2025-07,pediatrics,174.0,True,,3.0,True,False,3.0,0.017241379310344827,True,
FAC_T04,CSR2,treatment,CSR,2025-07,surgery,66.0,True,,,False,True,0.0,0.0,True,
FAC_T04,CSR2,treatment,CSR,2025-08,internal_medicine,60.0,True,,,False,True,0.0,0.0,True,
FAC_T04,CSR2,treatment,CSR,2025-08,obgyn,123.0,True,,,False,True,0.0,0.0,True,
FAC_T04,CSR2,treatment,CSR,2025-08,pediatrics,81.0,True,,,False,True,0.0,0.0,True,
FAC_T04,CSR2,treatment,CSR,2025-08,surgery,30.0,True,,,False,True,0.0,0.0,True,
FAC_T04,CSR2,treatment,CSR,2025-09,internal_medicine,52.0,True,,,False,True,0.0,0.0,True,
FAC_T04,CSR2,treatment,CSR,2025-09,obgyn,115.0,True,,,False,True,0.0,0.0,True,
FAC_T04,CSR2,treatment,CSR,2025-09,pediatrics,82.0,True,1.0,,True,False,1.0,0.012195121951219513,True,
FAC_T04,CSR2,treatment,CSR,2025-09,surgery,41.0,True,,,False,True,0.0,0.0,True,
FAC_T04,CSR2,treatment,CSR,2025-10,internal_medicine,72.0,True,,,False,True,0.0,0.0,True,
FAC_T04,CSR2,treatment,CSR,2025-10,obgyn,44.0,True,,,False,True,0.0,0.0,True,
FAC_T04,CSR2,treatment,CSR,2025-10,pediatrics,85.0,True,,,False,True,0.0,0.0,True,
FAC_T04,CSR2,treatment,CSR,2025-10,surgery,55.0,True,,,False,True,0.0,0.0,True,
FAC_T04,CSR2,treatment,CSR,2025-11,internal_medicine,,False,,,False,True,0.0,,False,missing_admissions
FAC_T04,CSR2,treatment,CSR,2025-11,obgyn,,False,,,False,True,0.0,,False,missing_admissions
FAC_T04,CSR2,treatment,CSR,2025-11,pediatrics,,False,,,False,True,0.0,,False,missing_admissions
FAC_T04,CSR2,treatment,CSR,2025-11,surgery,,False,,,False,True,0.0,,False,missing_admissions
FAC_T04,CSR2,treatment,CSR,2025-12,internal_medicine,58.0,True,,1.0,True,False,1.0,0.017241379310344827,True,
FAC_T04,CSR2,treatment,CSR,2025-12,obgyn,137.0,True,,,False,True,0.0,0.0,True,
FAC_T04,CSR2,treatment,CSR,2025-12,pediatrics,102.0,True,1.0,,True,False,1.0,0.00980392156862745,True,
FAC_T04,CSR2,treatment,CSR,2025-12,surgery,57.0,True,,,False,True,0.0,0.0,True,
FAC_T05,CSR3,treatment,CSR,2023-01,internal_medicine,80.0,True,1.0,,True,False,1.0,0.0125,True,
FAC_T05,CSR3,treatment,CSR,2023-01,obgyn,24.0,True,,,False,True,0.0,0.0,True,
FAC_T05,CSR3,treatment,CSR,2023-01,pediatrics,25.0,True,1.0,,True,False,1.0,0.04,True,
FAC_T05,CSR3,treatment,CSR,2023-01,surgery,72.0,True,1.0,,True,False,1.0,0.013888888888888888,True,
FAC_T05,CSR3,treatment,CSR,2023-02,internal_medicine,57.0,True,1.0,,True,False,1.0,0.017543859649122806,True,
FAC_T05,CSR3,treatment,CSR,2023-02,obgyn,13.0,True,,,False,True,0.0,0.0,True,
FAC_T05,CSR3,treatment,CSR,2023-02,pediatrics,33.0,True,,,False,True,0.0,0.0,True,
FAC_T05,CSR3,treatment,CSR,2023-02,surgery,76.0,True,,,False,True,0.0,0.0,True,
FAC_T05,CSR3,treatment,CSR,2023-03,internal_medicine,57.0,True,,,False,True,0.0,0.0,True,
FAC_T05,CSR3,treatment,CSR,2023-03,obgyn,36.0,True,,,False,True,0.0,0.0,True,
FAC_T05,CSR3,treatment,CSR,2023-03,pediatrics,22.0,True,,,False,True,0.0,0.0,True,
FAC_T05,CSR3,treatment,CSR,2023-03,surgery,92.0,True,,,False,True,0.0,0.0,True,
FAC_T05,CSR3,treatment,CSR,2023-04,internal_medicine,48.0,True,,,False,True,0.0,0.0,True,
FAC_T05,CSR3,treatment,CSR,2023-04,obgyn,27.0,True,,,False,True,0.0,0.0,True,
FAC_T05,CSR3,treatment,CSR,2023-04,pediatrics,31.0,True,,,False,True,0.0,0.0,True,
FAC_T05,CSR3,treatment,CSR,2023-04,surgery,92.0,True,,,False,True,0.0,0.0,True,
FAC_T05,CSR3,treatment,CSR,2023-05,internal_medicine,73.0,True,,2.0,True,False,2.0,0.0273972602739726,True,
FAC_T05,CSR3,treatment,CSR,2023-05,obgyn,33.0,True,,,False,True,0.0,0.0,True,
FAC_T05,CSR3,treatment,CSR,2023-05,pediatrics,34.0,True,1.0,,True,False,1.0,0.029411764705882353,True,
FAC_T05,CSR3,treatment,CSR,2023-05,surgery,75.0,True,,,False,True,0.0,0.0,True,
FAC_T05,CSR3,treatment,CSR,2023-06,internal_medicine,89.0,True,,,False,True,0.0,0.0,True,
FAC_T05,CSR3,treatment,CSR,2023-06,obgyn,19.0,True,,,False,True,0.0,0.0,True,
FAC_T05,CSR3,treatment,CSR,2023-06,pediatrics,19.0,True,,,False,True,0.0,0.0,True,
FAC_T05,CSR3,treatment,CSR,2023-06,surgery,57.0,True,,,False,True,0.0,0.0,True,
FAC_T05,CSR3,treatment,CSR,2023-07,internal_medicine,95.0,True,,,False,True,0.0,0.0,True,
FAC_T05,CSR3,treatment,CSR,2023-07,obgyn,69.0,True,,,False,True,0.0,0.0,True,
FAC_T05,CSR3,treatment,CSR,2023-07,pediatrics,17.0,True,,,False,True,0.0,0.0,True,
FAC_T05,CSR3,treatment,CSR,2023-07,surgery,65.0,True,,,False,True,0.0,0.0,True,
FAC_T05,CSR3,treatment,CSR,2023-08,internal_medicine,,False,,,False,True,0.0,,False,missing_admissions
FAC_T05,CSR3,treatment,CSR,2023-08,obgyn,,False,,,False,True,0.0,,False,missing_admissions
FAC_T05,CSR3,treatment,CSR,2023-08,pediatrics,,False,,,False,True,0.0,,False,missing_admissions
FAC_T05,CSR3,treatment,CSR,2023-08,surgery,,False,,,False,True,0.0,,False,missing_admissions
FAC_T05,CSR3,treatment,CSR,2023-09,internal_medicine,80.0,True,,,False,True,0.0,0.0,True,
FAC_T05,CSR3,treatment,CSR,2023-09,obgyn,24.0,True,,,False,True,0.0,0.0,True,
FAC_T05,CSR3,treatment,CSR,2023-09,pediatrics,21.0,True,,1.0,True,False,1.0,0.047619047619047616,True,
FAC_T05,CSR3,treatment,CSR,2023-09,surgery,77.0,True,,,False,True,0.0,0.0,True,
FAC_T05,CSR3,treatment,CSR,2023-10,internal_medicine,97.0,True,,2.0,True,False,2.0,0.020618556701030927,True,
FAC_T05,CSR3,treatment,CSR,2023-10,obgyn,26.0,True,,,False,True,0.0,0.0,True,
FAC_T05,CSR3,treatment,CSR,2023-10,pediatrics,28.0,True,,,False,True,0.0,0.0,True,
FAC_T05,CSR3,treatment,CSR,2023-10,surgery,58.0,True,,,False,True,0.0,0.0,True,
FAC_T05,CSR3,treatment,CSR,2023-11,internal_medicine,78.0,True,,2.0,True,False,2.0,0.02564102564102564,True,
FAC_T05,CSR3,treatment,CSR,2023-11,obgyn,25.0,True,,,False,True,0.0,0.0,True,
FAC_T05,CSR3,treatment,CSR,2023-11,pediatrics,45.0,True,,,False,True,0.0,0.0,True,
FAC_T05,CSR3,treatment,CSR,2023-11,surgery,68.0,True,,,False,True,0.0,0.0,True,
FAC_T05,CSR3,treatment,CSR,2023-12,internal_medicine,89.0,True,,1.0,True,False,1.0,0.011235955056179775,True,
FAC_T05,CSR3,treatment,CSR,2023-12,obgyn,34.0,True,,,False,True,0.0,0.0,True,
FAC_T05,CSR3,treatment,CSR,2023-12,pediatrics,34.0,True,,,False,True,0.0,0.0,True,
FAC_T05,CSR3,treatment,CSR,2023-12,surgery,49.0,True,,,False,True,0.0,0.0,True,
FAC_T05,CSR3,treatment,CSR,2024-01,internal_medicine,108.0,True,1.0,2.0,True,False,3.0,0.027777777777777776,True,
FAC_T05,CSR3,treatment,CSR,2024-01,obgyn,23.0,True,,,False,True,0.0,0.0,True,
FAC_T05,CSR3,treatment,CSR,2024-01,pediatrics,31.0,True,1.0,1.0,True,False,2.0,0.06451612903225806,True,
FAC_T05,CSR3,treatment,CSR,2024-01,surgery,68.0,True,,,False,True,0.0,0.0,True,
FAC_T05,CSR3,treatment,CSR,2024-02,internal_medicine,62.0,True,1.0,3.0,True,False,4.0,0.06451612903225806,True,
FAC_T05,CSR3,treatment,CSR,2024-02,obgyn,28.0,True,,,False,True,0.0,0.0,True,
FAC_T05,CSR3,treatment,CSR,2024-02,pediatrics,35.0,True,,,False,True,0.0,0.0,True,
FAC_T05,CSR3,treatment,CSR,2024-02,surgery,65.0,True,,,False,True,0.0,0.0,True,
FAC_T05,CSR3,treatment,CSR,2024-03,internal_medicine,72.0,True,,4.0,True,False,4.0,0.05555555555555555,True,
FAC_T05,CSR3,treatment,CSR,2024-03,obgyn,24.0,True,,,False,True,0.0,0.0,True,
FAC_T05,CSR3,treatment,CSR,2024-03,pediatrics,20.0,True,,,False,True,0.0,0.0,True,
FAC_T05,CSR3,treatment,CSR,2024-03,surgery,61.0,True,,,False,True,0.0,0.0,True,
FAC_T05,CSR3,treatment,CSR,2024-04,internal_medicine,96.0,True,,4.0,True,False,4.0,0.041666666666666664,True,
FAC_T05,CSR3,treatment,CSR,2024-04,obgyn,21.0,True,,,False,True,0.0,0.0,True,
FAC_T05,CSR3,treatment,CSR,2024-04,pediatrics,41.0,True,,,False,True,0.0,0.0,True,
FAC_T05,CSR3,treatment,CSR,2024-04,surgery,75.0,True,,,False,True,0.0,0.0,True,
FAC_T05,CSR3,treatment,CSR,2024-05,internal_medicine,81.0,True,,4.0,True,False,4.0,0.04938271604938271,True,
FAC_T05,CSR3,treatment,CSR,2024-05,obgyn,23.0,True,,,False,True,0.0,0.0,True,
FAC_T05,CSR3,treatment,CSR,2024-05,pediatrics,86.0,True,,,False,True,0.0,0.0,True,
FAC_T05,CSR3,treatment,CSR,2024-05,surgery,73.0,True,,,False,True,0.0,0.0,True,
FAC_T05,CSR3,treatment,CSR,2024-06,internal_medicine,105.0,True,,3.0,True,False,3.0,0.02857142857142857,True,
FAC_T05,CSR3,treatment,CSR,2024-06,obgyn,21.0,True,,,False,True,0.0,0.0,True,
FAC_T05,CSR3,treatment,CSR,2024-06,pediatrics,97.0,True,,,False,True,0.0,0.0,True,
FAC_T05,CSR3,treatment,CSR,2024-06,surgery,85.0,True,,1.0,True,False,1.0,0.011764705882352941,True,
FAC_T05,CSR3,treatment,CSR,2024-07,internal_medicine,71.0,True,1.0,,True,False,1.0,0.014084507042253521,True,
FAC_T05,CSR3,treatment,CSR,2024-07,obgyn,26.0,True,,,False,True,0.0,0.0,True,
FAC_T05,CSR3,treatment,CSR,2024-07,pediatrics,35.0,True,1.0,,True,False,1.0,0.02857142857142857,True,
FAC_T05,CSR3,treatment,CSR,2024-07,surgery,89.0,True,,,False,True,0.0,0.0,True,
FAC_T05,CSR3,treatment,CSR,2024-08,internal_medicine,55.0,True,,,False,True,0.0,0.0,True,
FAC_T05,CSR3,treatment,CSR,2024-08,obgyn,24.0,True,,,False,True,0.0,0.0,True,
FAC_T05,CSR3,treatment,CSR,2024-08,pediatrics,20.0,True,,,False,True,0.0,0.0,True,
FAC_T05,CSR3,treatment,CSR,2024-08,surgery,54.0,True,,,False,True,0.0,0.0,True,
FAC_T05,CSR3,treatment,CSR,2024-09,internal_medicine,53.0,True,,2.0,True,False,2.0,0.03773584905660377,True,
FAC_T05,CSR3,treatment,CSR,2024-09,obgyn,24.0,True,,,False,True,0.0,0.0,True,
FAC_T05,CSR3,treatment,CSR,2024-09,pediatrics,23.0,True,,,False,True,0.0,0.0,True,
FAC_T05,CSR3,treatment,CSR,2024-09,surgery,63.0,True,,,False,True,0.0,0.0,True,
FAC_T05,CSR3,treatment,CSR,2024-10,internal_medicine,84.0,True,1.0,,True,False,1.0,0.011904761904761904,True,
FAC_T05,CSR3,treatment,CSR,2024-10,obgyn,29.0,True,,,False,True,0.0,0.0,True,
FAC_T05,CSR3,treatment,CSR,2024-10,pediatrics,46.0,True,,,False,True,0.0,0.0,True,
FAC_T05,CSR3,treatment,CSR,2024-10,surgery,63.0,True,,,False,True,0.0,0.0,True,
FAC_T05,CSR3,treatment,CSR,2024-11,internal_medicine,60.0,True,,3.0,True,False,3.0,0.05,True,
FAC_T05,CSR3,treatment,CSR,2024-11,obgyn,24.0,True,,,False,True,0.0,0.0,True,
FAC_T05,CSR3,treatment,CSR,2024-11,pediatrics,29.0,True,,,False,True,0.0,0.0,True,
FAC_T05,CSR3,treatment,CSR,2024-11,surgery,64.0,True,,,False,True,0.0,0.0,True,
FAC_T05,CSR3,treatment,CSR,2024-12,internal_medicine,82.0,True,1.0,3.0,True,False,4.0,0.04878048780487805,True,
FAC_T05,CSR3,treatment,CSR,2024-12,obgyn,27.0,True,,,False,True,0.0,0.0,True,
FAC_T05,CSR3,treatment,CSR,2024-12,pediatrics,52.0,True,,,False,True,0.0,0.0,True,
FAC_T05,CSR3,treatment,CSR,2024-12,surgery,90.0,True,,,False,True,0.0,0.0,True,
FAC_T05,CSR3,treatment,CSR,2025-01,internal_medicine,,False,,,False,True,0.0,,False,missing_admissions
FAC_T05,CSR3,treatment,CSR,2025-01,obgyn,,False,,,False,True,0.0,,False,missing_admissions
FAC_T05,CSR3,treatment,CSR,2025-01,pediatrics,,False,,,False,True,0.0,,False,missing_admissions
FAC_T05,CSR3,treatment,CSR,2025-01,surgery,,False,,,False,True,0.0,,False,missing_admissions
FAC_T05,CSR3,treatment,CSR,2025-02,internal_medicine,61.0,True,,3.0,True,False,3.0,0.04918032786885246,True,
FAC_T05,CSR3,treatment,CSR,2025-02,obgyn,26.0,True,,,False,True,0.0,0.0,True,
FAC_T05,CSR3,treatment,CSR,2025-02,pediatrics,24.0,True,,,False,True,0.0,0.0,True,
FAC_T05,CSR3,treatment,CSR,2025-02,surgery,75.0,True,,,False,True,0.0,0.0,True,
FAC_T05,CSR3,treatment,CSR,2025-03,internal_medicine,,False,,,False,True,0.0,,False,missing_admissions
FAC_T05,CSR3,treatment,CSR,2025-03,obgyn,,False,,,False,True,0.0,,False,missing_admissions
FAC_T05,CSR3,treatment,CSR,2025-03,pediatrics,,False,,,False,True,0.0,,False,missing_admissions
FAC_T05,CSR3,treatment,CSR,2025-03,surgery,,False,,,False,True,0.0,,False,missing_admissions
FAC_T05,CSR3,treatment,CSR,2025-04,internal_medicine,70.0,True,,,False,True,0.0,0.0,True,
FAC_T05,CSR3,treatment,CSR,2025-04,obgyn,22.0,True,,,False,True,0.0,0.0,True,
FAC_T05,CSR3,treatment,CSR,2025-04,pediatrics,26.0,True,,,False,True,0.0,0.0,True,
FAC_T05,CSR3,treatment,CSR,2025-04,surgery,85.0,True,,,False,True,0.0,0.0,True,
FAC_T05,CSR3,treatment,CSR,2025-05,internal_medicine,45.0,True,2.0,2.0,True,False,4.0,0.08888888888888889,True,
FAC_T05,CSR3,treatment,CSR,2025-05,obgyn,30.0,True,,,False,True,0.0,0.0,True,
FAC_T05,CSR3,treatment,CSR,2025-05,pediatrics,28.0,True,,,False,True,0.0,0.0,True,
FAC_T05,CSR3,treatment,CSR,2025-05,surgery,76.0,True,,,False,True,0.0,0.0,True,
FAC_T05,CSR3,treatment,CSR,2025-06,internal_medicine,65.0,True,,,False,True,0.0,0.0,True,
FAC_T05,CSR3,treatment,CSR,2025-06,obgyn,28.0,True,,,False,True,0.0,0.0,True,
FAC_T05,CSR3,treatment,CSR,2025-06,pediatrics,35.0,True,,,False,True,0.0,0.0,True,
FAC_T05,CSR3,treatment,CSR,2025-06,surgery,70.0,True,,,False,True,0.0,0.0,True,
FAC_T05,CSR3,treatment,CSR,2025-07,internal_medicine,48.0,True,1.0,2.0,True,False,3.0,0.0625,True,
FAC_T05,CSR3,treatment,CSR,2025-07,obgyn,14.0,True,,,False,True,0.0,0.0,True,
FAC_T05,CSR3,treatment,CSR,2025-07,pediatrics,39.0,True,,,False,True,0.0,0.0,True,
FAC_T05,CSR3,treatment,CSR,2025-07,surgery,62.0,True,,,False,True,0.0,0.0,True,
FAC_T05,CSR3,treatment,CSR,2025-08,internal_medicine,23.0,True,2.0,1.0,True,False,3.0,0.13043478260869565,True,
FAC_T05,CSR3,treatment,CSR,2025-08,obgyn,19.0,True,,,False,True,0.0,0.0,True,
FAC_T05,CSR3,treatment,CSR,2025-08,pediatrics,25.0,True,,,False,True,0.0,0.0,True,
FAC_T05,CSR3,treatment,CSR,2025-08,surgery,65.0,True,,,False,True,0.0,0.0,True,
FAC_T05,CSR3,treatment,CSR,2025-09,internal_medicine,79.0,True,2.0,3.0,True,False,5.0,0.06329113924050633,True,
FAC_T05,CSR3,treatment,CSR,2025-09,obgyn,18.0,True,,,False,True,0.0,0.0,True,
FAC_T05,CSR3,treatment,CSR,2025-09,pediatrics,29.0,True,,,False,True,0.0,0.0,True,
FAC_T05,CSR3,treatment,CSR,2025-09,surgery,56.0,True,,,False,True,0.0,0.0,True,
FAC_T05,CSR3,treatment,CSR,2025-10,internal_medicine,63.0,True,,3.0,True,False,3.0,0.047619047619047616,True,
FAC_T05,CSR3,treatment,CSR,2025-10,obgyn,27.0,True,,,False,True,0.0,0.0,True,
FAC_T05,CSR3,treatment,CSR,2025-10,pediatrics,19.0,True,,,False,True,0.0,0.0,True,
FAC_T05,CSR3,treatment,CSR,2025-10,surgery,59.0,True,,,False,True,0.0,0.0,True,
FAC_T05,CSR3,treatment,CSR,2025-11,internal_medicine,56.0,True,,4.0,True,False,4.0,0.07142857142857142,True,
FAC_T05,CSR3,treatment,CSR,2025-11,obgyn,21.0,True,,,False,True,0.0,0.0,True,
FAC_T05,CSR3,treatment,CSR,2025-11,pediatrics,27.0,True,,,False,True,0.0,0.0,True,
FAC_T05,CSR3,treatment,CSR,2025-11,surgery,65.0,True,,,False,True,0.0,0.0,True,
FAC_T05,CSR3,treatment,CSR,2025-12,internal_medicine,37.0,True,,1.0,True,False,1.0,0.02702702702702703,True,
FAC_T05,CSR3,treatment,CSR,2025-12,obgyn,21.0,True,,,False,True,0.0,0.0,True,
FAC_T05,CSR3,treatment,CSR,2025-12,pediatrics,30.0,True,,,False,True,0.0,0.0,True,
FAC_T05,CSR3,treatment,CSR,2025-12,surgery,90.0,True,,,False,True,0.0,0.0,True,
FAC_T06,CSR4,treatment,CSR,2023-01,internal_medicine,35.0,True,,,False,True,0.0,0.0,True,
FAC_T06,CSR4,treatment,CSR,2023-01,obgyn,7.0,True,,,False,True,0.0,0.0,True,
FAC_T06,CSR4,treatment,CSR,2023-01,pediatrics,27.0,True,1.0,1.0,True,False,2.0,0.07407407407407407,True,
FAC_T06,CSR4,treatment,CSR,2023-01,surgery,7.0,True,,,False,True,0.0,0.0,True,
FAC_T06,CSR4,treatment,CSR,2023-02,internal_medicine,28.0,True,1.0,,True,False,1.0,0.03571428571428571,True,
FAC_T06,CSR4,treatment,CSR,2023-02,obgyn,29.0,True,,,False,True,0.0,0.0,True,
FAC_T06,CSR4,treatment,CSR,2023-02,pediatrics,21.0,True,1.0,,True,False,1.0,0.047619047619047616,True,
FAC_T06,CSR4,treatment,CSR,2023-02,surgery,,False,,,False,True,0.0,,False,missing_admissions
FAC_T06,CSR4,treatment,CSR,2023-03,internal_medicine,22.0,True,1.0,2.0,True,False,3.0,0.13636363636363635,True,
FAC_T06,CSR4,treatment,CSR,2023-03,obgyn,6.0,True,,,False,True,0.0,0.0,True,
FAC_T06,CSR4,treatment,CSR,2023-03,pediatrics,11.0,True,,1.0,True,False,1.0,0.09090909090909091,True,
FAC_T06,CSR4,treatment,CSR,2023-03,surgery,10.0,True,,,False,True,0.0,0.0,True,
FAC_T06,CSR4,treatment,CSR,2023-04,internal_medicine,19.0,True,2.0,,True,False,2.0,0.10526315789473684,True,
FAC_T06,CSR4,treatment,CSR,2023-04,obgyn,9.0,True,,,False,True,0.0,0.0,True,
FAC_T06,CSR4,treatment,CSR,2023-04,pediatrics,4.0,True,,,False,True,0.0,0.0,False,admissions_below_5
FAC_T06,CSR4,treatment,CSR,2023-04,surgery,2.0,True,1.0,,True,False,1.0,0.5,False,admissions_below_5
FAC_T06,CSR4,treatment,CSR,2023-05,internal_medicine,23.0,True,1.0,1.0,True,False,2.0,0.08695652173913043,True,
FAC_T06,CSR4,treatment,CSR,2023-05,obgyn,8.0,True,,,False,True,0.0,0.0,True,
FAC_T06,CSR4,treatment,CSR,2023-05,pediatrics,11.0,True,1.0,,True,False,1.0,0.09090909090909091,True,
FAC_T06,CSR4,treatment,CSR,2023-05,surgery,4.0,True,,,False,True,0.0,0.0,False,admissions_below_5
FAC_T06,CSR4,treatment,CSR,2023-06,internal_medicine,28.0,True,1.0,,True,False,1.0,0.03571428571428571,True,
FAC_T06,CSR4,treatment,CSR,2023-06,obgyn,38.0,True,,,False,True,0.0,0.0,True,
FAC_T06,CSR4,treatment,CSR,2023-06,pediatrics,12.0,True,1.0,,True,False,1.0,0.08333333333333333,True,
FAC_T06,CSR4,treatment,CSR,2023-06,surgery,4.0,True,,,False,True,0.0,0.0,False,admissions_below_5
FAC_T06,CSR4,treatment,CSR,2023-07,internal_medicine,31.0,True,2.0,,True,False,2.0,0.06451612903225806,True,
FAC_T06,CSR4,treatment,CSR,2023-07,obgyn,9.0,True,,,False,True,0.0,0.0,True,
FAC_T06,CSR4,treatment,CSR,2023-07,pediatrics,16.0,True,,,False,True,0.0,0.0,True,
FAC_T06,CSR4,treatment,CSR,2023-07,surgery,4.0,True,,,False,True,0.0,0.0,False,admissions_below_5
FAC_T06,CSR4,treatment,CSR,2023-08,internal_medicine,28.0,True,1.0,,True,False,1.0,0.03571428571428571,True,
FAC_T06,CSR4,treatment,CSR,2023-08,obgyn,34.0,True,,,False,True,0.0,0.0,True,
FAC_T06,CSR4,treatment,CSR,2023-08,pediatrics,16.0,True,1.0,,True,False,1.0,0.0625,True,
FAC_T06,CSR4,treatment,CSR,2023-08,surgery,8.0,True,,,False,True,0.0,0.0,True,
FAC_T06,CSR4,treatment,CSR,2023-09,internal_medicine,27.0,True,,3.0,True,False,3.0,0.1111111111111111,True,
FAC_T06,CSR4,treatment,CSR,2023-09,obgyn,8.0,True,,,False,True,0.0,0.0,True,
FAC_T06,CSR4,treatment,CSR,2023-09,pediatrics,26.0,True,,1.0,True,False,1.0,0.038461538461538464,True,
FAC_T06,CSR4,treatment,CSR,2023-09,surgery,6.0,True,,1.0,True,False,1.0,0.16666666666666666,True,
FAC_T06,CSR4,treatment,CSR,2023-10,internal_medicine,29.0,True,1.0,1.0,True,False,2.0,0.06896551724137931,True,
FAC_T06,CSR4,treatment,CSR,2023-10,obgyn,57.0,True,,,False,True,0.0,0.0,True,
FAC_T06,CSR4,treatment,CSR,2023-10,pediatrics,25.0,True,,,False,True,0.0,0.0,True,
FAC_T06,CSR4,treatment,CSR,2023-10,surgery,1.0,True,,,False,True,0.0,0.0,False,admissions_below_5
FAC_T06,CSR4,treatment,CSR,2023-11,internal_medicine,26.0,True,1.0,1.0,True,False,2.0,0.07692307692307693,True,
FAC_T06,CSR4,treatment,CSR,2023-11,obgyn,39.0,True,,,False,True,0.0,0.0,True,
FAC_T06,CSR4,treatment,CSR,2023-11,pediatrics,22.0,True,1.0,,True,False,1.0,0.045454545454545456,True,
FAC_T06,CSR4,treatment,CSR,2023-11,surgery,1.0,True,,,False,True,0.0,0.0,False,admissions_below_5
FAC_T06,CSR4,treatment,CSR,2023-12,internal_medicine,32.0,True,,2.0,True,False,2.0,0.0625,True,
FAC_T06,CSR4,treatment,CSR,2023-12,obgyn,53.0,True,,,False,True,0.0,0.0,True,
FAC_T06,CSR4,treatment,CSR,2023-12,pediatrics,13.0,True,1.0,,True,False,1.0,0.07692307692307693,True,
FAC_T06,CSR4,treatment,CSR,2023-12,surgery,4.0,True,,,False,True,0.0,0.0,False,admissions_below_5
FAC_T06,CSR4,treatment,CSR,2024-01,internal_medicine,32.0,True,1.0,,True,False,1.0,0.03125,True,
FAC_T06,CSR4,treatment,CSR,2024-01,obgyn,56.0,True,,,False,True,0.0,0.0,True,
FAC_T06,CSR4,treatment,CSR,2024-01,pediatrics,26.0,True,1.0,,True,False,1.0,0.038461538461538464,True,
FAC_T06,CSR4,treatment,CSR,2024-01,surgery,1.0,True,,,False,True,0.0,0.0,False,admissions_below_5
FAC_T06,CSR4,treatment,CSR,2024-02,internal_medicine,30.0,True,2.0,1.0,True,False,3.0,0.1,True,
FAC_T06,CSR4,treatment,CSR,2024-02,obgyn,47.0,True,,,False,True,0.0,0.0,True,
FAC_T06,CSR4,treatment,CSR,2024-02,pediatrics,22.0,True,,1.0,True,False,1.0,0.045454545454545456,True,
FAC_T06,CSR4,treatment,CSR,2024-02,surgery,3.0,True,,,False,True,0.0,0.0,False,admissions_below_5
FAC_T06,CSR4,treatment,CSR,2024-03,internal_medicine,23.0,True,1.0,1.0,True,False,2.0,0.08695652173913043,True,
FAC_T06,CSR4,treatment,CSR,2024-03,obgyn,28.0,True,,,False,True,0.0,0.0,True,
FAC_T06,CSR4,treatment,CSR,2024-03,pediatrics,15.0,True,,1.0,True,False,1.0,0.06666666666666667,True,
FAC_T06,CSR4,treatment,CSR,2024-03,surgery,3.0,True,,,False,True,0.0,0.0,False,admissions_below_5
FAC_T06,CSR4,treatment,CSR,2024-04,internal_medicine,23.0,True,1.0,1.0,True,False,2.0,0.08695652173913043,True,
FAC_T06,CSR4,treatment,CSR,2024-04,obgyn,28.0,True,,,False,True,0.0,0.0,True,
FAC_T06,CSR4,treatment,CSR,2024-04,pediatrics,11.0,True,,,False,True,0.0,0.0,True,
FAC_T06,CSR4,treatment,CSR,2024-04,surgery,5.0,True,,,False,True,0.0,0.0,True,
FAC_T06,CSR4,treatment,CSR,2024-05,internal_medicine,26.0,True,1.0,,True,False,1.0,0.038461538461538464,True,
FAC_T06,CSR4,treatment,CSR,2024-05,obgyn,39.0,True,,,False,True,0.0,0.0,True,
FAC_T06,CSR4,treatment,CSR,2024-05,pediatrics,22.0,True,1.0,,True,False,1.0,0.045454545454545456,True,
FAC_T06,CSR4,treatment,CSR,2024-05,surgery,1.0,True,,,False,True,0.0,0.0,False,admissions_below_5
FAC_T06,CSR4,treatment,CSR,2024-06,internal_medicine,19.0,True,2.0,,True,False,2.0,0.10526315789473684,True,
FAC_T06,CSR4,treatment,CSR,2024-06,obgyn,34.0,True,,,False,True,0.0,0.0,True,
FAC_T06,CSR4,treatment,CSR,2024-06,pediatrics,15.0,True,,,False,True,0.0,0.0,True,
FAC_T06,CSR4,treatment,CSR,2024-06,surgery,2.0,True,,,False,True,0.0,0.0,False,admissions_below_5
FAC_T06,CSR4,treatment,CSR,2024-07,internal_medicine,,False,,,False,True,0.0,,False,missing_admissions
FAC_T06,CSR4,treatment,CSR,2024-07,obgyn,,False,,,False,True,0.0,,False,missing_admissions
FAC_T06,CSR4,treatment,CSR,2024-07,pediatrics,,False,,,False,True,0.0,,False,missing_admissions
FAC_T06,CSR4,treatment,CSR,2024-07,surgery,,False,,,False,True,0.0,,False,missing_admissions
FAC_T06,CSR4,treatment,CSR,2024-08,internal_medicine,14.0,True,1.0,,True,False,1.0,0.07142857142857142,True,
FAC_T06,CSR4,treatment,CSR,2024-08,obgyn,8.0,True,,,False,True,0.0,0.0,True,
FAC_T06,CSR4,treatment,CSR,2024-08,pediatrics,5.0,True,,,False,True,0.0,0.0,True,
FAC_T06,CSR4,treatment,CSR,2024-08,surgery,,False,,,False,True,0.0,,False,missing_admissions
FAC_T06,CSR4,treatment,CSR,2024-09,internal_medicine,14.0,True,1.0,,True,False,1.0,0.07142857142857142,True,
FAC_T06,CSR4,treatment,CSR,2024-09,obgyn,17.0,True,,,False,True,0.0,0.0,True,
FAC_T06,CSR4,treatment,CSR,2024-09,pediatrics,5.0,True,,,False,True,0.0,0.0,True,
FAC_T06,CSR4,treatment,CSR,2024-09,surgery,3.0,True,,,False,True,0.0,0.0,False,admissions_below_5
FAC_T06,CSR4,treatment,CSR,2024-10,internal_medicine,15.0,True,1.0,1.0,True,False,2.0,0.13333333333333333,True,
FAC_T06,CSR4,treatment,CSR,2024-10,obgyn,22.0,True,,,False,True,0.0,0.0,True,
FAC_T06,CSR4,treatment,CSR,2024-10,pediatrics,11.0,True,1.0,,True,False,1.0,0.09090909090909091,True,
FAC_T06,CSR4,treatment,CSR,2024-10,surgery,6.0,True,,,False,True,0.0,0.0,True,
FAC_T06,CSR4,treatment,CSR,2024-11,internal_medicine,,False,,,False,True,0.0,,False,missing_admissions
FAC_T06,CSR4,treatment,CSR,2024-11,obgyn,,False,,,False,True,0.0,,False,missing_admissions
FAC_T06,CSR4,treatment,CSR,2024-11,pediatrics,,False,,,False,True,0.0,,False,missing_admissions
FAC_T06,CSR4,treatment,CSR,2024-11,surgery,,False,,,False,True,0.0,,False,missing_admissions
FAC_T06,CSR4,treatment,CSR,2024-12,internal_medicine,,False,,,False,True,0.0,,False,missing_admissions
FAC_T06,CSR4,treatment,CSR,2024-12,obgyn,,False,,,False,True,0.0,,False,missing_admissions
FAC_T06,CSR4,treatment,CSR,2024-12,pediatrics,,False,,,False,True,0.0,,False,missing_admissions
FAC_T06,CSR4,treatment,CSR,2024-12,surgery,,False,,,False,True,0.0,,False,missing_admissions
FAC_T06,CSR4,treatment,CSR,2025-01,internal_medicine,,False,,,False,True,0.0,,False,missing_admissions
FAC_T06,CSR4,treatment,CSR,2025-01,obgyn,,False,,,False,True,0.0,,False,missing_admissions
FAC_T06,CSR4,treatment,CSR,2025-01,pediatrics,,False,,,False,True,0.0,,False,missing_admissions
FAC_T06,CSR4,treatment,CSR,2025-01,surgery,,False,,,False,True,0.0,,False,missing_admissions
FAC_T06,CSR4,treatment,CSR,2025-02,internal_medicine,12.0,True,2.0,,True,False,2.0,0.16666666666666666,True,
FAC_T06,CSR4,treatment,CSR,2025-02,obgyn,19.0,True,,,False,True,0.0,0.0,True,
FAC_T06,CSR4,treatment,CSR,2025-02,pediatrics,5.0,True,1.0,,True,False,1.0,0.2,True,
FAC_T06,CSR4,treatment,CSR,2025-02,surgery,1.0,True,,,False,True,0.0,0.0,False,admissions_below_5
FAC_T06,CSR4,treatment,CSR,2025-03,internal_medicine,17.0,True,2.0,,True,False,2.0,0.11764705882352941,True,
FAC_T06,CSR4,treatment,CSR,2025-03,obgyn,25.0,True,,,False,True,0.0,0.0,True,
FAC_T06,CSR4,treatment,CSR,2025-03,pediatrics,5.0,True,,,False,True,0.0,0.0,True,
FAC_T06,CSR4,treatment,CSR,2025-03,surgery,5.0,True,,,False,True,0.0,0.0,True,
FAC_T06,CSR4,treatment,CSR,2025-04,internal_medicine,19.0,True,1.0,1.0,True,False,2.0,0.10526315789473684,True,
FAC_T06,CSR4,treatment,CSR,2025-04,obgyn,12.0,True,,,False,True,0.0,0.0,True,
FAC_T06,CSR4,treatment,CSR,2025-04,pediatrics,18.0,True,,,False,True,0.0,0.0,True,
FAC_T06,CSR4,treatment,CSR,2025-04,surgery,11.0,True,,,False,True,0.0,0.0,True,
FAC_T06,CSR4,treatment,CSR,2025-05,internal_medicine,25.0,True,1.0,,True,False,1.0,0.04,True,
FAC_T06,CSR4,treatment,CSR,2025-05,obgyn,4.0,True,,,False,True,0.0,0.0,False,admissions_below_5
FAC_T06,CSR4,treatment,CSR,2025-05,pediatrics,14.0,True,,,False,True,0.0,0.0,True,
FAC_T06,CSR4,treatment,CSR,2025-05,surgery,19.0,True,,,False,True,0.0,0.0,True,
FAC_T06,CSR4,treatment,CSR,2025-06,internal_medicine,20.0,True,1.0,1.0,True,False,2.0,0.1,True,
FAC_T06,CSR4,treatment,CSR,2025-06,obgyn,42.0,True,,,False,True,0.0,0.0,True,
FAC_T06,CSR4,treatment,CSR,2025-06,pediatrics,23.0,True,1.0,,True,False,1.0,0.043478260869565216,True,
FAC_T06,CSR4,treatment,CSR,2025-06,surgery,6.0,True,,,False,True,0.0,0.0,True,
FAC_T06,CSR4,treatment,CSR,2025-07,internal_medicine,23.0,True,,,False,True,0.0,0.0,True,
FAC_T06,CSR4,treatment,CSR,2025-07,obgyn,23.0,True,,,False,True,0.0,0.0,True,
FAC_T06,CSR4,treatment,CSR,2025-07,pediatrics,11.0,True,,,False,True,0.0,0.0,True,
FAC_T06,CSR4,treatment,CSR,2025-07,surgery,3.0,True,,,False,True,0.0,0.0,False,admissions_below_5
FAC_T06,CSR4,treatment,CSR,2025-08,internal_medicine,19.0,True,1.0,2.0,True,False,3.0,0.15789473684210525,True,
FAC_T06,CSR4,treatment,CSR,2025-08,obgyn,29.0,True,,,False,True,0.0,0.0,True,
FAC_T06,CSR4,treatment,CSR,2025-08,pediatrics,11.0,True,1.0,,True,False,1.0,0.09090909090909091,True,
FAC_T06,CSR4,treatment,CSR,2025-08,surgery,2.0,True,,,False,True,0.0,0.0,False,admissions_below_5
FAC_T06,CSR4,treatment,CSR,2025-09,internal_medicine,23.0,True,1.0,1.0,True,False,2.0,0.08695652173913043,True,
FAC_T06,CSR4,treatment,CSR,2025-09,obgyn,21.0,True,,,False,True,0.0,0.0,True,
FAC_T06,CSR4,treatment,CSR,2025-09,pediatrics,6.0,True,,,False,True,0.0,0.0,True,
FAC_T06,CSR4,treatment,CSR,2025-09,surgery,3.0,True,,,False,True,0.0,0.0,False,admissions_below_5
FAC_T06,CSR4,treatment,CSR,2025-10,internal_medicine,26.0,True,,,False,True,0.0,0.0,True,
FAC_T06,CSR4,treatment,CSR,2025-10,obgyn,36.0,True,,,False,True,0.0,0.0,True,
FAC_T06,CSR4,treatment,CSR,2025-10,pediatrics,10.0,True,1.0,,True,False,1.0,0.1,True,
FAC_T06,CSR4,treatment,CSR,2025-10,surgery,5.0,True,,,False,True,0.0,0.0,True,
FAC_T06,CSR4,treatment,CSR,2025-11,internal_medicine,26.0,True,2.0,1.0,True,False,3.0,0.11538461538461539,True,
FAC_T06,CSR4,treatment,CSR,2025-11,obgyn,26.0,True,,,False,True,0.0,0.0,True,
FAC_T06,CSR4,treatment,CSR,2025-11,pediatrics,10.0,True,1.0,,True,False,1.0,0.1,True,
FAC_T06,CSR4,treatment,CSR,2025-11,surgery,5.0,True,,,False,True,0.0,0.0,True,
FAC_T06,CSR4,treatment,CSR,2025-12,internal_medicine,23.0,True,1.0,,True,False,1.0,0.043478260869565216,True,
FAC_T06,CSR4,treatment,CSR,2025-12,obgyn,9.0,True,,,False,True,0.0,0.0,True,
FAC_T06,CSR4,treatment,CSR,2025-12,pediatrics,10.0,True,,1.0,True,False,1.0,0.1,True,
FAC_T06,CSR4,treatment,CSR,2025-12,surgery,6.0,True,,,False,True,0.0,0.0,True,
